-- MySQL dump 10.13  Distrib 5.5.49, for debian-linux-gnu (x86_64)
--
-- Host: localhost    Database: eventmaster
-- ------------------------------------------------------
-- Server version	5.5.49-0+deb8u1

/*!40101 SET @OLD_CHARACTER_SET_CLIENT=@@CHARACTER_SET_CLIENT */;
/*!40101 SET @OLD_CHARACTER_SET_RESULTS=@@CHARACTER_SET_RESULTS */;
/*!40101 SET @OLD_COLLATION_CONNECTION=@@COLLATION_CONNECTION */;
/*!40101 SET NAMES utf8 */;
/*!40103 SET @OLD_TIME_ZONE=@@TIME_ZONE */;
/*!40103 SET TIME_ZONE='+00:00' */;
/*!40014 SET @OLD_UNIQUE_CHECKS=@@UNIQUE_CHECKS, UNIQUE_CHECKS=0 */;
/*!40014 SET @OLD_FOREIGN_KEY_CHECKS=@@FOREIGN_KEY_CHECKS, FOREIGN_KEY_CHECKS=0 */;
/*!40101 SET @OLD_SQL_MODE=@@SQL_MODE, SQL_MODE='NO_AUTO_VALUE_ON_ZERO' */;
/*!40111 SET @OLD_SQL_NOTES=@@SQL_NOTES, SQL_NOTES=0 */;

--
-- Table structure for table `event_types`
--

DROP TABLE IF EXISTS `event_types`;
/*!40101 SET @saved_cs_client     = @@character_set_client */;
/*!40101 SET character_set_client = utf8 */;
CREATE TABLE `event_types` (
  `id` int(11) NOT NULL AUTO_INCREMENT,
  `title` varchar(200) COLLATE utf8_unicode_ci DEFAULT NULL,
  `parent_id` int(11) DEFAULT '0',
  PRIMARY KEY (`id`)
) ENGINE=InnoDB AUTO_INCREMENT=136 DEFAULT CHARSET=utf8 COLLATE=utf8_unicode_ci;
/*!40101 SET character_set_client = @saved_cs_client */;

--
-- Dumping data for table `event_types`
--

LOCK TABLES `event_types` WRITE;
/*!40000 ALTER TABLE `event_types` DISABLE KEYS */;
INSERT INTO `event_types` VALUES (1,'Мероприятие под ключ ',0),(16,'В клубе',15),(26,'Специалист в определенной сфере',0),(27,'Заведение|Площадка для мероприятия',0),(29,'Event агентство',1),(30,'Свадебное агентство',1),(31,'Booking агентство (заказ артистов)',1),(33,'Тимбилдинг агентство',1),(34,'Концертное агентство',1),(35,'Агентство деловых мероприятий',1),(36,'Ресторан|Кафе|Бар',27),(38,'Ночной клуб',27),(39,'Банкетный зал',27),(41,'Лофт',27),(42,'Комната квестов',27),(43,'Боулинг клуб',27),(44,'Бильярд клуб',27),(45,'Караоке клуб',27),(46,'Коттедж|Квартира',27),(47,'Усадьба',27),(48,'Конференц-зал',27),(49,'Шатер',27),(50,'Теплоход|Параход',27),(51,'Яхт-клуб',27),(52,'Аквапарк',27),(53,'Развлекательный центр',27),(54,'Картинг клуб',27),(55,'Пейнтбол клуб',27),(56,'Скалодром',27),(57,'Усадьба',27),(58,'Организация домашних вечеринок',1),(59,'Кальянная',27),(60,'Дизайн-завод',27),(74,'Театральное агентство',1),(75,'Рекламное|PR агентство',1),(76,'Выставочное агентство',1),(77,'Модельное агентство',1),(78,'Ведущий|Тамада',26),(79,'Артист',26),(80,'Шоу-программа',26),(81,'Танцевальная программа',26),(82,'Фокусник|Иллюзионист',26),(83,'DJ|Диджей',26),(84,'Фотограф',26),(85,'Флорист',26),(86,'Сценарист',26),(88,'Кейтеринг|Выездной ресторан',26),(89,'Стилист',26),(90,'Видеооператор|Монтаж',26),(91,'Оформление|Декор',26),(92,'Костюмы|Подарки',26),(93,'Выездная регистрация',26),(94,'Вокальный исполнитель',26),(95,'Фотобудка|Инстамат|Инстапринтер',115),(96,'Художник|Шаржист',26),(97,'Прокат транспорта',115),(98,'Картинг клуб',27),(99,'Плавучая дача|Баня на воде',27),(101,'Агентство детских праздников',1),(102,'Визажист',26),(103,'Конный клуб',27),(104,'Авиа клуб',27),(105,'Кондитерские услуги',26),(106,'Прокат одежды на мероприятие',132),(107,'Хореограф',26),(108,'Парикмахер',26),(109,'Площадка под мастер-классы',27),(110,'Маникюр|Педикюр',26),(111,'Лазертаг клуб',27),(112,'Повар',26),(115,'Технический специалист',0),(116,'Аренда звука',115),(117,'Аренда света',115),(118,'Аренда экранов|проекторов',115),(119,'Аренда сцены',115),(120,'Интерактивное оборудование',115),(121,'Спецэффекты|Пиротехника',115),(122,'Аренда генераторов',115),(123,'Аренда раций',115),(124,'Конференц системы|синхронный перевод',115),(125,'Грузоперевозки|Доставка',115),(126,'Климатическое оборудование',115),(127,'Аренда туалетных кабин',115),(128,'Аренда спортивного инвентаря',115),(129,'Выездной гардероб',115),(130,'Производство|Конструкции',115),(131,'Технический персонал на мероприятие',115),(132,'Салон|Магазин|Прокат одежды',0),(133,'Ювелирный салон',132),(134,'Свадебный салон',132),(135,'Магазин подарков',132);
/*!40000 ALTER TABLE `event_types` ENABLE KEYS */;
UNLOCK TABLES;

--
-- Table structure for table `imported_reviews`
--

DROP TABLE IF EXISTS `imported_reviews`;
/*!40101 SET @saved_cs_client     = @@character_set_client */;
/*!40101 SET character_set_client = utf8 */;
CREATE TABLE `imported_reviews` (
  `id` int(11) NOT NULL AUTO_INCREMENT,
  `servitor_id` int(11) DEFAULT NULL,
  `text` varchar(2000) COLLATE utf8_unicode_ci DEFAULT NULL,
  `name` varchar(200) COLLATE utf8_unicode_ci DEFAULT NULL,
  `created` int(11) DEFAULT NULL,
  PRIMARY KEY (`id`)
) ENGINE=InnoDB AUTO_INCREMENT=50 DEFAULT CHARSET=utf8 COLLATE=utf8_unicode_ci;
/*!40101 SET character_set_client = @saved_cs_client */;

--
-- Dumping data for table `imported_reviews`
--

LOCK TABLES `imported_reviews` WRITE;
/*!40000 ALTER TABLE `imported_reviews` DISABLE KEYS */;
INSERT INTO `imported_reviews` VALUES (6,73,'Мне всегда казалось, что главное на свадьбе– это шикарный стол с приличной едой и дорогими напитками. Ну, и наряд невесты с кольцами. Все остальное – вторично! Благодаря встрече с Нареком мы смогли сделать не «праздник желудка», а настоящее шоу, с живой музыкой, потрясающими конкурсами и морем приятных сюрпризов. Спасибо тебе, Нарек, за твой талант зажигать всех – и молодых, и стариков!','Анна Антонова',1467072000),(7,73,'Поскольку нам с мужем пришлось полностью взять на себя организацию свадьбы и банкета, было непросто – оба по уши в работе, а тут.… Если бы не Нарек – наверное, мы бы и не поженились, разругавшись еще до свадьбы)). Его дельные совет и рекомендации нам несказанно помогли. А то, как он провел мероприятие – просто выше всяких похвал…Теперь я понимаю, как должно быть, и скептически смотрю на свадебные банкеты своих подруг).','Анна Бирюкова',1467072000),(8,73,'Зачем молодожены устраивают пышные застолья? Мне это было непонятно, и свою свадьбу я решила провести без помпы – тихо расписаться и уехать в свадебное путешествие. Родня мужа категорически были против, и чтобы не провоцировать ним конфликт в самом начале семейной жизни – пришлось согласиться! И представьте – я не жалею!!! Не ожидала, что свадебный банкет может быть таким! Это действительно был мой самый лучший день в жизни! Спасибо тебе, Нарек!','Василиса Лесная',1467072000),(9,73,'У нас с будущим мужем было единое мнение – свадьбу делаем без тамады! Ну зачем нам этот пережиток советского прошлого! Но когда начали думать, чем занять гостей – поняли, что без помощи хорошего специалиста свадьба превратится в большую пьянку)))! Нам повезло, что Нарек согласился помочь нам – сроки очень поджимали! В итоге получился удивительно добрый, незабываемый праздник. Огромное спасибо настоящему профи!','Ольга Котова',1466985600),(10,73,'Суммы, которые запрашивали ведущие, первые несколько дней поисков вводили меня в ступор – за что такие деньги?!!! После встречи с Нареком (нашла случайно, по рекламе в интернете) я изменила свое мнение. Он грамотно и доходчиво объяснил, как происходит подготовка к мероприятию и сколько времени и сил она требует. Выбрав его, я не ошиблась! Теперь нам будет, что рассказать о свадьбе нашим детям! Море позитива, тонкого юмора и просто бесконечное ощущение праздника!','Вероника Лис',1466899200),(11,73,'Мы с будущей женой не планировал пышных торжеств, так как не располагали серьезным бюджетом. Приятели отговаривали от ведущего – мол, сдерет деньги и толку будет чуть! Жена все-таки настояла, и в результате долгих поисков и встреч мы выбрали Нарека! Оказалось, что его услуги нам по карману, причем все прошло на очень достойном уровне. Даже не знаю, как бы мы весели наших 25 гостей сами! Спасибо Вам, Нарек, за понимание и ваш позитив!','Сергей Ряшин',1466726400),(12,73,'Я всегда думала, что подготовкой к свадебному торжеству должны заниматься жених и невеста вместе. Оказалось, что моему Сереже совсем не нравится вся эта суете. Спасибо Нареку – его советы по подготовке свадьбы мне очень помогли, а жених потом долго восхищался ее грамотной организацией! Банкет был на высоте, и дело совсем не в угощениях и количестве выпитого – даже не ожидала, что один человек может увлечь таких разных по возрасту людей! Рекомендую Нарека как супер-тамаду!!!','Галина Лукъянова',1466726400),(13,73,'По опыту подруг знала, что выбор тамады на свадьбу – дело непростое, и готовилась к худшему. Но мне очень повезло – приятельница посоветовала Нарека! Считаю, что именно благодаря ему от свадьбы у всех остались необыкновенно светлые воспоминания. Своей энергией он заряжал всех, был неутомим на шутки и конкурсы и умело «разруливал» небольшие конфликтные ситуации между гостями. Спасибо, Нарек!','Ольга Петрова',1466726400),(14,73,'Очень позитивные впечатления! Весело интересно, а главное современно!','Дмитрий Моновицкий',1465689600),(15,73,'Просто лучший! Все было очень и очень круто, настоящий профессионал своего дела. Ведущий, который знает свое дело на 5+. Все гости и мы остались в полном восторге. Обязательно буду рекомендовать Вас всем друзьям и знакомым. До сих пор с мужем вспоминаем нашу свадьбу с улыбкой, благодаря Вам Нарек. Нам было очень легко и приятно с вами. Рекомендуем, получите море счастья и позитива!','Кристина Туманова',1465171200),(16,73,'Нарек очень музыкальный, энергичный и веселый человек. Он понравился нам с первого знакомства. Кроме большого количества полезных советов, Нарек порекомендовал нам классных фотографа и оператора (быстро получили весь материал и остались довольны). Мы быстро нашли точки соприкосновения и наши идеи по программе дополнили друг друга. Нарек сразу сориентировал, какие конкурсы \"зайдут\", и какие понравятся даже бабушкам:) В сам день свадьбы мы не переживали за то, как пройдет наш банкет, т.к. он сразу показал, как умеет держать публику... Без пошлых шуток, долгих речей или прочих странностей, о которых порой слышишь... У Нарека приятный голос и внешность, а это немаловажный фактор для ведущего... конечно, хотелось, чтобы на нашем празднике все было красиво и уместно, особенно ведущий! Нарек помог создать нам теплую семейную атмосферу, и - это было для нас самым важным))','Дмитрий Донской',1459382400),(17,73,'Спасибо огромное Нареку за лучшую свадьбу!! Очень долго искали с мужем ведущего, и поиски были не напрасны! Ты воплотил нашу мечту!! Ведущий, который смогу одновременно всех развеселить, но и не дал забыть, что главное на свадьбе – это жених и невеста))) Все гости в восторге и всем советуют только Нарека) Всем рекомендую! СПАСИБО!','Оксана Козлова',1455062400),(18,73,'Спасибо большое ,Нарек!)я не ошиблась,когда выбрала тебя ведущим!Все было просто максимально супер!Ты знаешь свою профессию от и до,умеешь работать с публикой,умеешь создать и поддерживать веселую атмосферу)Желаю тебе удачи в твоем деле !Зажги еще на многих свадьбах)))буду рекомендовать друзьям ;)','Карина Маракшина',1455062400),(19,73,'Хочу выразить огромную Благодарность ведущему за твой великолепный труд!! ОГРОМНОЕ просто ГРОМАДНЕЙШЕЕ спасибо за то, что был нашим ведущим на свадьбе. А самое большое спасибо за то, что все чудесные мгновения, веселье, тебе удалось так легко обыграть. Твоя чуткость к каждому гостю, ко всем –это талант). Спасибо тебе все прошло волшебно и сказочно:) Ты просто Мега человек !','Ирина Кравец',1454976000),(20,73,'Нарек!Я не знала,что ведущий-это так тяжело))Найти подход к нашим чудакам-друзьям и не прийти в бешенство,когда у тебя украли микрофон на конкурсе.. ты нереально сдержан!))))Большое тебе спасибо за незабываемое веселье,за то,что ты не читал с планшета заученный текст,за ИНТЕРЕСНЫЕ конкурсы! отдельное спасибо ди-джею,который попал)) Под The Black Eyed Peas танцевал даже мой дед!) Ты сделал своё дело и мы уж точно не забудем этот день.Хвала таким как ты людям. Чупакабраааааа!!)))','Алевтина Куприянова',1441756800),(21,81,'Дорогие друзья,кто ещё только думает пригласить на мероприятие Верку Сердюльку и ее супер-команду,даже на секунду не сомневайтесь,а приглашйте ,потому что это будет просто фееричное шоу,которое останется всегда в вашей памяти т.к будет ооочень весело!)Мы заказывали Вячеслава к себе на юбилей и уже после первой встречи с этим приятным человеком не было ни минуты сомнения,что он профессионал и сделает наш праздник незабываемым!Так и произошло!)Все гости были не просто в восторге,а до сих пор звонят моей маме и говорят,что никогда не были на таком веселом дне рождении!)Понравилось абсолютно всё,и конкурсы и чувство юмора и песни в исполнении Верки под которые хотелось плясать и не останавливаться,голос потрясающий,а постоянная сменна шикарных костюмов певицы и ее коллектива,это что то,так всё красиво и гармонично,ребята просто молодцы,уважают свою работу и любят ее!Команда тоже потрясающая,девочки умнички!)Вячеслав,вы замечательный ведущий и хочется вас благодарить ещё и ещё ,что подарили нам такой грандиозный праздник!За следующим днём рождением или юбилеем только к вам!Огромное спасибо!!!','Елена',1464998400),(22,81,'Огромное спасибо,Вам Вячеслав!\r\nОчень понравилось Ваше выступление на нашем Юбилее 7 мая. Было весело,энергично и зажигательно!!! Желаем Вам успехов и удачи в Вашем не лёгком труде!Много заказов и новых идей!\r\nБудем рекомендовать Вас своим знакомым и друзьям!','Валентина (Москва, р-н Северное Бутово)',1464480000),(23,81,'Очень нам понравился наш корпоратив SILK PLASTER на корабле с Сердюлькой!! хотим тоже видеть наши счастливые лица у вас на инстаграме с нашим брендом silk plaster! \r\nхотим и дальше сотрудничать на постоянной основе','SILK PLASTER',1460160000),(24,81,'Вчера праздновал свадьбу !!! Сам артист, поэтому к выбору артистов на своем мероприятии подходил с особым вниманием!!! Слава-просто взорвал зал,!!!!! Весело , непринужденно, просто супер!!! Огромное тебе спасибо!!!!','Ян Плэй',1457913600),(25,81,'5 марта 2016 года Вячеслав выступал у меня на Дне Рождения! Огромное СПАСИБО артисту от меня и всех моих друзей,присутсвовавших на мероприятии за офигенное настроение,танцы,веселье и ржач!!! Еще долго будем вспоминать !!!)) Ну и.... ДО НОВЫХ ВСТРЕЧ!!!','Андрей',1457481600),(26,81,'Хотим сказать,Огромное Огромное Спасибо,за незабываемые ощущения, впечатления,Огромный позитив,который подарила всем нам,Ваше шоу!Сердюлька создавала всю свадьбу,такую атмосферу,что аж всех затронуло на всю жизнь,эти впечатления,шутка на шутке! Отдельное Спасибо- Электричке и Стоп Крану,ни минуты раслабона,всё время развлекали отдельно гостей! Народ честно пригласив Сердюльку,Вам будет хотеться проводить с ней все и вся мероприятия!!! Спасибо Вам за всё!!!','Анна и Андрей',1455753600),(27,81,'Юбилейный вечер в ресторане прошел весело и организовано благодаря зажигательной,веселой,фееричной,яркой Верки Сердюльки !\r\nСпасибо всему коллективу артистов!!!\r\nВечер на долго останется в нашей памяти.\r\nВсе были очень довольны!','Людмила',1454803200),(28,81,'ВЕСЕЛА!!! ФЕЕРИЧНА!!! ЗАЖИГАЛЬНА!!!Ее появление на свадьбе было подобно взрыву)))Гости веселились, пели, плясали, ну и конечно фотографировались! Всех подняла на ноги, разбудила и завела!!! Она не забываема!!!!','Олег',1442620800),(29,81,'Если Вы хотите чтобы ваши гости смеялись , веселились, то зовите Верку очень Вам советую , было потрясающе.Все гости говорили СПАСИБО за такой праздник','Рената',1444608000),(30,81,'Хочу выразить благодарность за проведённое вместе время на свадьбе 08.08.15. Всё было просто супер, море радости, веселья, позитива. Вспоминаем с любовью и улыбками! Заказывайте не пожалеете!','Ольга',1439510400),(31,81,'ВОРОВСТВО НЕВЕСТЫ.\r\nВячеслав, Вы ТАЛАНТ! Спасибо Вам огромнейшее, со свадьбы прошло 11 дней, а о Вас все вспоминают до сих пор)Как же все смеялись!!!Я очень люблю Верку Сердючку...и то как Вы на неё похожи..нереальное сходство голоса, манера поведения, жесты, шутки...всё всё..не оставило равнодушным не только меня, но и всех гостей..Если бы не Вы, вечер не удался бы. Также Вячеслав безумно приятный человек вне образа..Я могу бесконечно писать..но в крации — это было превосходное, умопомрочительное, наивеселейшее выступление Верки Сердюльки и её балета!Кстати балету, отдельное спасибо, очень внимательные и талантливые девушка и молодой человек) Спасибо всем вам..директор, спасибо=) Вы отличная команда.','Екатерина и Максим',1438128000),(32,99,'Хочу пожелать фотобудке удачных кадров, много друзей и море эмоций, которые конечно же влезут в будку в любом формате :) Удачи!!','Денис Репета',1383609600),(33,99,'Ребята, спасибо Вам за работу! Выездная фотобудка это действительно оч классно, после корпоратива у всех осталась память на руках о нем!!! Было весело и забавно!!! Это что-то новенькое и не обыденное!!! Всем советую! Спасибоооо','Ася Манцева',1388188800),(34,99,'Огромные слова благодарности Евгению Матвееву и его чудо-фотобудке! Это настоящий праздник эмоций, поток радости, позитива, добра и отличного настроения!','Екатерина Владинцева',1395532800),(35,99,'РееебяТ!!!\r\nневероятное веселое позитивное нечто!\r\nвы молодцы! да прибудет с вами сила :D','Настенка Волкович',1396310400),(36,99,'Классная будка и разные штуки! Спасибо за фото;)','Таня Туркина',1396310400),(37,99,'Очень понравилась идея,большое спасибо!!!теперь от студ весны останутся не только яркие воспоминания ,но и классные фото!очень здорово!!!','Екатерина Кириллова',1396396800),(38,99,'Спасибо огромное,шикарная идея с фотобудкой!!!выходишь из нее с гарантированным мешочком положительных впечатлений!','Евгения Лучкина',1388707200),(39,99,'Огромнейшее спасибо за кучу положительных эмоций, крутых фотографий, профессионализм и пунктуальность \"персонала\".\r\nнадеюсь, что мы еще много-много раз пересечемся )\r\nДобра и процветания ','Тома Ильс',1396483200),(40,99,'Спасибо огромное Евгению за оперативную и качественную работу!!! \r\nБудем сотрудничать на регулярной основе! и всем рекомендую!!!)','Влада Чижевская',1465603200),(41,124,'Виктор и Борис!Спасибо большое вам за отличное видео и фото.Нам было очень приятно с вами работать!А самое главное очень комфортно.Ещё раз спасибо вам от нашей семьи и желаем вам дальнейших успехов!!!!!!','Светлана Байдюк',1456704000),(42,124,'Виктор и Борис!!!\r\nСпасибо огромное за хорошие фотографии и за отличную работу)Вы профессионалы своего дела,без сомнений!Желаем вам расцветать и продвигаться дальше!Было приятно поработать с вами)Обязательно будем вас советовать))','Veronika Maslova',1456012800),(43,124,'Виктор! Огромное СПАСИБО за видео нашей свадьбы. Спасибо за великолепный клип, мы пересматриваем его каждый день. Спасибо, что прислушались к моему мнению о музыке.','Вера Берхова',1455235200),(44,124,'Виктор и Борис,фото и видео ослепительны,это именно то,что мы хотели)нам безумно всё понравилось,хочется пересматривать и пересматривать)фотки супер,все и всё запечатлено,каждый важный момент и все гости)ничего лишнего,всё как надо,самое главное,что фотки все приличные без закрытых глаз,без открытых ртов и без выпивших лиц)все лица весёлые и довольные)спасибо вам огромное,мы очень рады,что обратились именно к вам)','Полина Ган',1450396800),(45,124,'Борис и Виктор! мы безумно вам благодарны! вы настоящие профессионалы своего дела! фото и видео просто великолепны, я лично смотрю каждый день на них) и как будто окунулась опять в тот самый лучший день!! мы просто счастливы что остановили свой выбор именно на вас! спасибо вам огромное!!!!','Юлия Фетискина',1481846400),(46,129,'23 апреля 2016 года в банкетном зале состоялась наша свадьба, которую вел ведущий Алексей Матвеев.\r\n\r\nВ процессе подготовки и выбора ведущего я списывался , общался, и встречался суммарно более чем с 30 ведущими нашего города. Оказалось, крайне непростым делом найти прежде всего адекватного, тактичного и приличного человека! Причем финансовая сторона ничего\r\nне определяла, попадались очень разные люди за разные средства. \r\n\r\nТак вот остановив свой выбор на Алексее, мы не пожалели ни капли, и не только мы, но и очень многие наши гости. Он провел мероприятие на одном дыхании, тактично, уверенно, и ни разу не вышел за рамки приличия. Одновременно с этим гости были заняты и веселы.\r\nБыло сразу видно, что человек занимается этим не 1 десяток лет.\r\n\r\nТакже у Алексея есть возможность выбрать конкурсы под формат вашего мероприятия, ведь у кого-то на торжестве множество молодежи, а у кого-то людей в возрасте. Так вот с Алексеем программу можно подобрать под любой случай!\r\n\r\nАлексей, от лица жениха и невесты благодарим вас!','Анатолий',1461369600),(47,129,'Благодарность от компании Энергостроймонтаж за проведенный Новый год.','Людмила Шелестова',1456358400),(48,129,'Главный признак ТАЛАНТА - это когда человек ЗНАЕТ чего он хочет. Алексей, Садоводческое некоммерческое товарищество \"Рехколово\", от имени всех садоводов, присутствующих на Праздновании 20-летия со дня образования Садоводства, говорит Вам - \"БОЛЬШОЕ СПАСИБО\".\r\nВам удалось с невероятной легкостью организовать и провести НАШ столь специфический ПРАЗДНИК. Ваша идея организовать для маленьких жителей Садоводства надувной батут с участием отдельного детского аниматора - ПРОСТО ГЕНИАЛЬНА!!! На лицах детей и взрослых сияли\r\nулыбки. Мы уверены, что БЛАГОДАРЯ ВАМ этот ДЕНЬ останется в памяти всех присутствующих на долгие долгие годы. СПАСИБО ВАМ ЕЩЁ РАЗ!!!!','Усачев Юрий Александрович',1442793600),(49,129,'Посоветовал мне тут брат тамаду к моей свадьбе , сам он уже видел как тот работает . Встретился с ним , пообщался . На все мои вопросы очень интересно отвечал ! Но а на вопрос : что от нас самих будет требоваться к нашему мероприятию , он ответил что если\r\nмы нанимаем его , то про все вопросы мы сразу же забываем . Вспомните про меня за недельку до свадьбы , чтобы оговорить сам сценарий ...\r\n\r\nВ ресторане у меня был разноплановый народ : друзья , дети , родители , многие не знакомы друг с другом ... Весь вечер был насыщен по всей программе : Шикарные речи , интереснейшие конкурсы , фокус показал - все в восторге , но и многое другое ...\r\n\r\nВечер не прошёл а пролетел прекрасно и незаметно ... Чтобы праздник с ним заканчивался никто не хотел ! Человек большой молодец и огромный талантище ! (но и опыт работы у него за плечами не малый) . Мы с женой весь вечер получали только лишь удовольствие от\r\nего проведения нашего же праздника , улыбки с лиц не сходили ни у кого ! Выражаю ОГРОМНУЮ БЛАГОДАРНОСТЬ Алексею !\r\n\r\nСвадьба у нас праздновалась ) 06.08.2015 г.','Дмитрий',1440288000);
/*!40000 ALTER TABLE `imported_reviews` ENABLE KEYS */;
UNLOCK TABLES;

--
-- Table structure for table `info_pages`
--

DROP TABLE IF EXISTS `info_pages`;
/*!40101 SET @saved_cs_client     = @@character_set_client */;
/*!40101 SET character_set_client = utf8 */;
CREATE TABLE `info_pages` (
  `id` int(11) NOT NULL AUTO_INCREMENT,
  `title` varchar(200) COLLATE utf8_unicode_ci DEFAULT NULL,
  `content` varchar(2000) COLLATE utf8_unicode_ci DEFAULT NULL,
  `url` varchar(200) COLLATE utf8_unicode_ci DEFAULT NULL,
  PRIMARY KEY (`id`)
) ENGINE=InnoDB AUTO_INCREMENT=9 DEFAULT CHARSET=utf8 COLLATE=utf8_unicode_ci;
/*!40101 SET character_set_client = @saved_cs_client */;

--
-- Dumping data for table `info_pages`
--

LOCK TABLES `info_pages` WRITE;
/*!40000 ALTER TABLE `info_pages` DISABLE KEYS */;
INSERT INTO `info_pages` VALUES (1,'Контакты','<p><strong>Eventblaster </strong>&mdash; первая площадка, где заказчик и исполнитель находят друг друга и работают без посредников. Это упрощает организацию уютных закрытых вечеринок, шумных корпоративов, детских праздников и грандиозных свадеб. Вы не должны долго искать организаторов мероприятия: вокруг столько предложений людей, которые всё организуют за вас.</p>\r\n\r\n<p>Eventblaster собирает агентства, специалистов, заведения и площадки, которые в течение 5 минут отвечают на желание организовать мероприятие. Здесь собираются тамады, диджеи, фотографы, флористы и художники. Место для них не имеет значения: ночные клубы, боулинг, аквапарки и кафе. Вам устроят концерт, сделают декор, оформят вечеринку и снимут свадебное видео. Всегда на связи концертные, свадебные, деловые, рекламные и выставочные агентства.&nbsp;</p>\r\n\r\n<p>Заказы и организаторы ранжируются по рейтингу, сфере, месту и типу заказа. Это даёт максимально целевых заказчиков. Лишние &mdash; фильтруются. Смотрите отклики, списывайтесь с организаторами мероприятий, импортируйте отзывы о них с других сайтов в личном кабинете.</p>\r\n\r\n<p>Только после выполненной работы организатор мероприятия получает отзыв, который нами просматривается и проверяется. Исключаем как клевету и грязь, так и незаслуженное восхваление.</p>\r\n\r\n<p>Организуйте мероприятие на Eventblaster в один клик!</p>\r\n\r\n<p><span style=\"color:#000000\"><strong>По сотрудничеству &mdash; пишите на почту&nbsp;<span style=\"background-color:rgb(255, 255, 255)\">eventblaster.service@gmail.com</span></strong></span></p>\r\n\r\n<p>&nbsp;</p>\r\n','/contacts'),(2,'Подписка \"Расскажите о нас друзьям!\"','<p>Расскажите о нас друзьям в социальных сетях, и получите возможность премиум-подписки на 3 часа!</p>\r\n','/share'),(3,'Подарочная подписка от Eventblaster.ru!','<p>Получите подарочную подписку от сервиса Eventblaster.ru!</p>\r\n','/gift'),(4,'Спасибо за отзыв! Расскажите о нас друзьям!','<p>Спасибо за отзыв! Наш сервис был Вам полезен?</p>\r\n\r\n<p>Тогда помогите Вашим друзьям и родственникам и расскажите им,&nbsp;как&nbsp;в один клик организовать мероприятие!</p>\r\n\r\n<p>Поделитесь информацией о нас в социальных сетях!&nbsp;</p>\r\n\r\n<p>#SOCIAL_SHARE#</p>\r\n','/dorepost'),(5,'Раздел в разработке','<p>Раздел в разработке</p>\r\n','/develop'),(6,'Новости','<p>#VK_NEWS#</p>\r\n','/news'),(7,'Поддержка','<p>#VK_COMMENTS#</p>\r\n','/support'),(8,'Партнерская программа','<p style=\"text-align: center;\"><a href=\"/user/register?type=4\"><img src=\"/img/partners.png\" /></a></p>\r\n\r\n<p style=\"text-align: center;\"><a href=\"/user/register?type=4\">Регистрация как партнера</a></p>\r\n','/partner');
/*!40000 ALTER TABLE `info_pages` ENABLE KEYS */;
UNLOCK TABLES;

--
-- Table structure for table `mail_templates`
--

DROP TABLE IF EXISTS `mail_templates`;
/*!40101 SET @saved_cs_client     = @@character_set_client */;
/*!40101 SET character_set_client = utf8 */;
CREATE TABLE `mail_templates` (
  `id` int(11) NOT NULL AUTO_INCREMENT,
  `code` varchar(100) COLLATE utf8_unicode_ci DEFAULT NULL,
  `title` varchar(100) COLLATE utf8_unicode_ci DEFAULT NULL,
  `template_text` varchar(2000) COLLATE utf8_unicode_ci DEFAULT NULL,
  `comment` varchar(300) COLLATE utf8_unicode_ci DEFAULT NULL,
  PRIMARY KEY (`id`)
) ENGINE=InnoDB AUTO_INCREMENT=17 DEFAULT CHARSET=utf8 COLLATE=utf8_unicode_ci;
/*!40101 SET character_set_client = @saved_cs_client */;

--
-- Dumping data for table `mail_templates`
--

LOCK TABLES `mail_templates` WRITE;
/*!40000 ALTER TABLE `mail_templates` DISABLE KEYS */;
INSERT INTO `mail_templates` VALUES (1,'NEW_USER_CLIENT','Добро пожаловать на Eventblaster!','<p>Добрый день!</p>\r\n\r\n<p>Вы зарегистрировались на сервисе&nbsp;<a href=\"http://eventblaster.ru\">Eventblaster.ru</a>. Желаем Вам найти подходящего организатора мероприятий!</p>\r\n\r\n<p>Организуйте&nbsp;мероприятие в один клик!</p>\r\n\r\n<p>----------------------------------------------------------</p>\r\n\r\n<p>С Уважением! Команда eventblaster.ru</p>\r\n',''),(2,'NEW_USER_SERVER','Добро пожаловать на Eventblaster!','<p>Добрый день!</p>\r\n\r\n<p>Вы зарегистрировались на сервисе&nbsp;<a href=\"http://eventblaster.ru\">Eventblaster.ru</a>. Желаем Вам найти как можно больше заказов!</p>\r\n\r\n<p>Организуйте мероприятие в один клик!</p>\r\n\r\n<p>----------------------------------------------------------</p>\r\n\r\n<p>С Уважением! Команда eventblaster.ru</p>\r\n',''),(3,'NEW_USER_NOTYPE','Добро пожаловать на Eventblaster!','<p>Добрый день!</p>\r\n\r\n<p>Вы зарегистрировались на сервисе&nbsp;<a href=\"http://eventblaster.ru\">Eventblaster.ru</a>. Спасибо за то что Вы с нами!</p>\r\n\r\n<p>Организуйте мероприятие в один клик!</p>\r\n\r\n<p>----------------------------------------------------------</p>\r\n\r\n<p>С Уважением! Команда eventblaster.ru</p>\r\n','<p>мы пока не знаем, будет это заказчик или исполнитель</p>\r\n'),(4,'ADMIN_PAYMENT_NOTIFY','Вам поступила оплата услуг Eventblaster.ru','<p>Поступил платеж на сумму #SUM# руб по транзакции&nbsp;<a href=\"http://eventmaster.picvo.ru/payments/transaction?id=#ORDER#\">#ORDER#</a> через #SYSTEM#</p>\r\n','<p>#SUM# - сумма</p>\r\n\r\n<p>#ORDER# - номер заказа</p>\r\n\r\n<p>#SYSTEM# - платежная система</p>\r\n'),(5,'USER_PAYMENT_NOTIFY','Ваша подписка Eventblaster успешно активирована!','<p>Вам пришло это письмо, потому что Вы зарегистрированы на сайте eventblaster.ru!</p>\r\n\r\n<p>Добрый день!</p>\r\n\r\n<p>Оплата за подписку &quot;#TITLE#&quot; через #SYSTEM# на сумму #SUM# руб успешно поступила. Подписка активирована до #DATE_EXPIRE#.</p>\r\n\r\n<p>Желаем Вам успешных заказов!</p>\r\n\r\n<p>----------------------------------------------------------</p>\r\n\r\n<p>С Уважением! Команда eventblaster.ru</p>\r\n','<p>#SUM# - сумма</p>\r\n\r\n<p>#TITLE# - название типа подписки</p>\r\n\r\n<p>#SYSTEM# - платежная система</p>\r\n\r\n<p>#DATE_EXPIRE#</p>\r\n'),(6,'MESSAGE_NOTIFY','Eventblaster.ru - Новое сообщение!','<p><span style=\"background-color:rgb(255, 255, 255); color:rgb(51, 51, 51)\">Вам пришло это письмо, потому что Вы зарегистрированы на сайте eventblaster.ru!</span></p>\r\n\r\n<p>Добрый день! Вам пришло новое личное сообщение от пользователя #USER#</p>\r\n\r\n<p>#MESSAGE#</p>\r\n\r\n<p>Открыть переписку на сайте: #URL#</p>\r\n\r\n<p>----------------------------------------------------------</p>\r\n\r\n<p>С Уважением! Команда eventblaster.ru</p>\r\n','<p>#USER# - имя пользователя</p>\r\n\r\n<p>#MESSAGE# - сообщение</p>\r\n\r\n<p>#URL# - ссылка на ча</p>\r\n'),(7,'PORTFOLIO_ITEM_REJECTED','Элемент портфолио не прошел модерацию.','<p><span style=\"background-color:rgb(255, 255, 255); color:rgb(51, 51, 51)\">Вам пришло это письмо, потому что Вы зарегистрированы на сайте eventblaster.ru!</span></p>\r\n\r\n<p>Здравствуйте!</p>\r\n\r\n<p>Один из элементов Вашего портфолио на сайте Eventblaster.ru&nbsp;был отклонен модератором. Скорее всего в фото или видео материалах были указаны контактные данные или Вы уже разместили достаточное количество фотографий.&nbsp;Напоминаем, в портфолио запрещено указывать контактные данные. Для контактов есть специальные поля. Так же есть ограничения по кол-ву фотографий. Спасибо за понимание.</p>\r\n\r\n<p>----------------------------------------------------------</p>\r\n\r\n<p>С Уважением! Команда eventblaster.ru</p>\r\n',''),(8,'FIRST_FINAL_MAIL','Оцените организатора мероприятий и работу сервиса Eventblaster!','<p>Добрый день!</p>\r\n\r\n<p>Ваш заказ #ORDER_TITLE# завершен #ORDER_DATE#. Пожалуйста, поделитесь впечатлениями и оставьте отзыв исполнителю заказа.</p>\r\n\r\n<p>Нажмите сюда #FEEDBACK_URL#, чтобы выбрать исполнителя и оставить ему отзыв, или чтобы указать, что Вы не нашли исполнителя на нашем сервисе.</p>\r\n\r\n<p>----------------------------------------------------------</p>\r\n\r\n<p>С Уважением! Команда eventblaster.ru</p>\r\n','<p>#ORDER_TITLE# - название заказа</p>\r\n\r\n<p>#ORDER_DATE# - дата завершения заказа</p>\r\n\r\n<p>#FEEDBACK_URL# - урла оставить отзыв</p>\r\n'),(9,'LAST_FINAL_MAIL','Оцените организатора мероприятий и работу сервиса Eventblaster!','<p><span style=\"background-color:rgb(255, 255, 255); color:rgb(51, 51, 51)\">Вам пришло это письмо, потому что Вы зарегистрированы на сайте eventblaster.ru!</span></p>\r\n\r\n<p>Добрый день!</p>\r\n\r\n<p>Ваш заказ #ORDER_TITLE# завершен #ORDER_DATE#. Изысканные извинения за спам и обещания больше так не делать, но всё-таки:</p>\r\n\r\n<p>Нажмите&nbsp;сюда #FEEDBACK_URL#, чтобы выбрать исполнителя и оставить ему отзыв, или чтобы указать, что Вы не нашли исполнителя на нашем сервисе.</p>\r\n\r\n<p>----------------------------------------------------------</p>\r\n\r\n<p>С Уважением! Команда eventblaster.ru</p>\r\n','<p>#ORDER_TITLE# - название заказа</p>\r\n\r\n<p>#ORDER_DATE# - дата завершения заказа</p>\r\n\r\n<p>#FEEDBACK_URL# - урла оставить отзыв</p>\r\n'),(10,'YOU_GOT_FEEDBACK','Вы получили отзыв на Eventblaster!','<p>Добрый день.</p>\r\n\r\n<p>Пользователь #FIO# оставил Вам отзыв по проекту #TITLE#</p>\r\n\r\n<p>Текст отзыва:<br />\r\n#TEXT#</p>\r\n\r\n<p>----------------------------------------------------------</p>\r\n\r\n<p>С Уважением! Команда eventblaster.ru</p>\r\n','<p>#FIO# - кто оставил отзыв</p>\r\n\r\n<p>#TITLE# - название проекта</p>\r\n\r\n<p>#TEXT# - текст отзыва</p>\r\n'),(11,'ORDER_AUTOHIDE','Ваш заказ снят с публикации!','<p><span style=\"background-color:rgb(255, 255, 255); color:rgb(51, 51, 51)\">Вам пришло это письмо, потому что Вы зарегистрированы на сайте eventblaster.ru!</span></p>\r\n\r\n<p>Здравствуйте!</p>\r\n\r\n<p>Ваш заказ #ORDER_TITLE# на мероприятие #ORDER_DATE# снят&nbsp;с публикации&nbsp;в связи с тем, что Вы не заходите на сайт и не читаете поступившие предложения от организаторов мероприятий. Если Ваш заказ все еще актуален, то&nbsp;пройдите по&nbsp;ссылке #URL#, и Ваш заказ автоматически активируется!</p>\r\n\r\n<p>----------------------------------------------------------</p>\r\n\r\n<p>С Уважением! Команда eventblaster.ru</p>\r\n','<p>#ORDER_TITLE#</p>\r\n\r\n<p>#ORDER_DATE#</p>\r\n\r\n<p>#URL# - ссылка на восстановление</p>\r\n'),(12,'SERVITOR_DAILY','Поступили новые заказы на организацию мероприятия!','<p><span style=\"background-color:rgb(255, 255, 255); color:rgb(51, 51, 51)\">Вам пришло это письмо, потому что Вы зарегистрированы на сайте eventblaster.ru!</span></p>\r\n\r\n<p>Добрый день!&nbsp;#FIO#</p>\r\n\r\n<p>По вашей специализации на сайте появились новые заказы на организацию мероприятия:</p>\r\n\r\n<p>#ORDERS_LIST#</p>\r\n\r\n<p>Зайдите на сайт, чтобы посмотреть заказы #URL#</p>\r\n\r\n<p>----------------------------------------------------------</p>\r\n\r\n<p>С Уважением! Команда eventblaster.ru</p>\r\n','<p>#FIO# - имя пользователя</p>\r\n\r\n<p>#ORDERS_LIST# - список заказов</p>\r\n\r\n<p>#UNSUBSCRIBE# - отписаться</p>\r\n\r\n<p>#URL# - список заказов</p>\r\n'),(13,'PASSWORD_RESET','Восстановление доступа Eventblaster.ru!','<p><span style=\"background-color:rgb(255, 255, 255); color:rgb(51, 51, 51)\">Вам пришло это письмо, потому что Вы зарегистрированы на сайте eventblaster.ru!</span></p>\r\n\r\n<p>Добрый день, #FIO#</p>\r\n\r\n<p>Для восстановления пароля перейдите по ссылке #URL#</p>\r\n\r\n<p>----------------------------------------------------------</p>\r\n\r\n<p>С Уважением! Команда eventblaster.ru</p>\r\n','<p>#URL#</p>\r\n\r\n<p>#FIO#</p>\r\n'),(14,'IMPORT_REVIEWS','Импортировать отзывы исполнителя!','<p>Добрый день!</p>\r\n\r\n<p>Пользователь&nbsp;#URL# оставил запрос на импорт отзывов с других сайтов.</p>\r\n\r\n<p>Текст:</p>\r\n\r\n<p>#TEXT#</p>\r\n\r\n<p>----------------------------------------------------------</p>\r\n\r\n<p>С Уважением! Команда eventblaster.ru</p>\r\n','<p>#URL# - профиль</p>\r\n\r\n<p>#TEXT# - текст запроса</p>\r\n'),(15,'MESSAGE_NOTIFY_NOTEXT','Eventblaster.ru - Новое сообщение!','<p><span style=\"background-color:rgb(255, 255, 255); color:rgb(51, 51, 51)\">Вам пришло это письмо, потому что Вы зарегистрированы на сайте eventblaster.ru!</span></p>\r\n\r\n<p>Добрый день! Вам пришло новое личное сообщение от пользователя #USER#</p>\r\n\r\n<p>Открыть переписку на сайте: #URL#</p>\r\n\r\n<p>----------------------------------------------------------</p>\r\n\r\n<p>С Уважением! Команда eventblaster.ru</p>\r\n','<p>#USER# - имя пользователя</p>\r\n\r\n<p>#URL# - ссылка на чат</p>\r\n'),(16,'','','','');
/*!40000 ALTER TABLE `mail_templates` ENABLE KEYS */;
UNLOCK TABLES;

--
-- Table structure for table `messages`
--

DROP TABLE IF EXISTS `messages`;
/*!40101 SET @saved_cs_client     = @@character_set_client */;
/*!40101 SET character_set_client = utf8 */;
CREATE TABLE `messages` (
  `id` int(11) NOT NULL AUTO_INCREMENT,
  `owner_id` int(11) DEFAULT NULL,
  `recipient` int(11) DEFAULT NULL,
  `text` varchar(2000) COLLATE utf8_unicode_ci DEFAULT NULL,
  `timestamp` int(11) DEFAULT NULL,
  `order_id` int(11) DEFAULT NULL,
  `unread` int(11) DEFAULT '1',
  PRIMARY KEY (`id`)
) ENGINE=InnoDB AUTO_INCREMENT=115 DEFAULT CHARSET=utf8 COLLATE=utf8_unicode_ci;
/*!40101 SET character_set_client = @saved_cs_client */;

--
-- Dumping data for table `messages`
--

LOCK TABLES `messages` WRITE;
/*!40000 ALTER TABLE `messages` DISABLE KEYS */;
INSERT INTO `messages` VALUES (91,81,80,'http://www.boom-show.ru/verka-serdulka/',1467240923,48,1),(92,81,75,'http://www.boom-show.ru/verka-serdulka/',1467240956,46,1),(93,81,79,'http://www.boom-show.ru/verka-serdulka/',1467240974,47,0),(94,87,80,'Здравствуйте!\r\nМеня Зовут Петр Вьюшкин, я руководитель свадебного агентства \"Горько\", есть свободные ребята на 6 августа, стоимость услуг 14800 (стоимость включает работу ведущего 5-6 часов, аренду оборудования на  часов и работу диджея 6 часов), дополнительно оплачивается трансфер из Саратова в Маркс 1200р.',1467280791,48,1),(95,104,101,'Здравствуйте, меня зовут Александр, я являюсь ведущим в праздничной индустрии',1467465259,52,1),(96,123,114,'Организуем свадьбы, юбилеи, дни рождения, детские праздники, корпоративы',1467820445,56,1),(97,123,114,'Алена (частное лицо) 89997806494\r\nГород\r\nМосковская область, Серпухов\r\nВид услуги: Праздники, мероприятия\r\nОрганизуем свадьбы, юбилеи, дни рождения, детские праздники, корпоративы. Работаем в команде два ведущих.Свое оборудование (профессиональные колонки, микрофоны, музыка).\r\nХаризматичные ведущие в самом расцвете сил и определенно талантливые в своем деле !!! Совокупность опыта и креативного ведения торжества, убойный юмор и чувство такта, симпатия аудитории с первых минут и только ответственное отношение к делу! Гарантируем хорошее настроение в течение всего мероприятия. Учитываем любые пожелания заказчика. \r\nСоставление индивидуальной программы праздника. \r\nТакже мы занимаемся полной организацией свадьбы!\r\nРасценки обговариваются отдельно в зависимости от сложности и продолжительности мероприятия.\r\nБудем рады работать для Вас!',1467820645,56,1),(98,124,79,'Здравствуйте, Надежда, готов предложить свои услуги видеоператора 5 часов по 1500 на вашу дату , наш сайт http://light-bright.su',1467828610,47,0),(99,64,151,'Я готов тебе все супер четко по красоте сделать!',1475151955,57,0),(100,64,156,'Здравствуйте! Я готов Вам организовать мероприятие!',1477744410,61,0),(101,157,156,'Я готов Вам сделать классный праздник!',1477749673,61,0),(102,157,156,'Я готов!',1477946019,63,0),(103,2,77,'123',1478020707,0,0),(104,77,2,'234',1478020755,0,0),(105,77,2,'1233',1478020842,0,0),(106,77,2,'12312312',1478021267,0,0),(107,77,2,'3213123',1478021453,0,0),(108,77,2,'21312312',1478021568,0,0),(109,77,2,'1111',1478021640,0,0),(110,77,2,'111',1478021813,0,0),(111,156,157,'Классно! Так давай!',1478068587,63,0),(112,106,77,'123',1479153329,64,0),(113,159,156,'Я готов сделать ништяк!',1479397844,67,0),(114,159,163,'Давай забацаем ченить!',1479661162,70,1);
/*!40000 ALTER TABLE `messages` ENABLE KEYS */;
UNLOCK TABLES;

--
-- Table structure for table `orders`
--

DROP TABLE IF EXISTS `orders`;
/*!40101 SET @saved_cs_client     = @@character_set_client */;
/*!40101 SET character_set_client = utf8 */;
CREATE TABLE `orders` (
  `id` int(11) NOT NULL AUTO_INCREMENT,
  `owner_id` int(11) DEFAULT NULL,
  `title` varchar(50) COLLATE utf8_unicode_ci DEFAULT NULL,
  `event_type_id` int(11) DEFAULT NULL,
  `tags_id` varchar(2000) COLLATE utf8_unicode_ci DEFAULT NULL,
  `order_date` varchar(20) COLLATE utf8_unicode_ci DEFAULT NULL,
  `budget` int(11) DEFAULT NULL,
  `persons` int(11) DEFAULT NULL,
  `region` int(11) DEFAULT NULL,
  `comment` varchar(1000) COLLATE utf8_unicode_ci DEFAULT NULL,
  `offers` int(11) DEFAULT NULL,
  `final_letter` int(11) DEFAULT '0',
  `servitor_id` int(11) DEFAULT NULL,
  `feedback_text` varchar(2000) COLLATE utf8_unicode_ci DEFAULT NULL,
  `feedback_moderated` int(11) DEFAULT '0',
  `feedback_rate` int(11) DEFAULT '0',
  `auto_hide` int(11) DEFAULT NULL,
  `autohide_notified` int(11) DEFAULT '0',
  `order_moderated` int(11) DEFAULT '0',
  `edited` int(11) DEFAULT '0',
  `fio` varchar(200) COLLATE utf8_unicode_ci DEFAULT NULL,
  `phone` varchar(200) COLLATE utf8_unicode_ci DEFAULT NULL,
  `email` varchar(200) COLLATE utf8_unicode_ci DEFAULT NULL,
  `phone_show` int(11) DEFAULT '1',
  `subscribers_emailed` int(11) DEFAULT '0',
  `social` varchar(200) COLLATE utf8_unicode_ci DEFAULT NULL,
  `hidden` int(11) DEFAULT '0',
  PRIMARY KEY (`id`)
) ENGINE=InnoDB AUTO_INCREMENT=72 DEFAULT CHARSET=utf8 COLLATE=utf8_unicode_ci;
/*!40101 SET character_set_client = @saved_cs_client */;

--
-- Dumping data for table `orders`
--

LOCK TABLES `orders` WRITE;
/*!40000 ALTER TABLE `orders` DISABLE KEYS */;
INSERT INTO `orders` VALUES (46,75,'Оформление свадебной машины',91,'4','05-08-2016',NULL,NULL,1751,'',NULL,2,NULL,NULL,0,0,1467327356,1,1,0,'Анастасия','+7 (952) 660-94-44','Asvizeva@inbox.ru',1,0,'',0),(47,79,'Видеограф на свадьбу',90,'4','06-08-2016',1500,NULL,2180,'Видеосьемка на 4-5часов\r\nПримерно 1000-1500р.\r\n',NULL,2,NULL,NULL,0,0,NULL,0,1,2,'Надежда','+7 (952) 517-10-54','kaschulina2014@mail.ru',0,1,'https://m.vk.com/kaschulya',0),(48,80,'Свадьба',30,'4','06-08-2016',NULL,80,1916,'Звоните и пишите в вк!',NULL,2,NULL,NULL,0,0,1467327323,1,1,0,'Александр','+7 (908) 555-59-04','Adodin2580@mail.ru',1,1,'vk.com/aadodin',0),(51,100,'Свадьба',49,'234','28-10-2016',NULL,80,512,'',NULL,2,NULL,NULL,0,0,NULL,0,1,0,'Наталья','+7 (918) 626-65-12','tashaklukva@mail.ru',0,0,'',0),(52,101,'Свадьба',78,'4;171;182','16-07-2016',NULL,18,2237,'Ищем: ведущего. Нужен букет невесты и торт по доступной цене.',NULL,2,NULL,NULL,0,0,1467493192,1,1,1,'Любовь','+7 (981) 824-09-19','Bobriha@mail.ru',1,1,'',0),(53,109,'Детский день рождения ',101,'17','19-07-2016',2000,5,1753,'',NULL,2,NULL,NULL,0,0,NULL,0,1,0,'Наталья','+7 (963) 118-99-97','natik201081@mail.ru',0,0,'',0),(55,114,'Шоу',80,'4','16-07-2016',0,15,1486,'',NULL,2,NULL,NULL,0,0,1467579634,1,1,1,'Даша Нилова','+7 (925) 175-13-75','Asdert05@mail.ru',0,1,'',0),(56,114,'Тамада',78,'4','16-07-2016',0,15,1486,'',NULL,2,NULL,NULL,0,0,1467579737,1,1,1,'Даша Нилова','+7 (925) 175-13-75','Asdert05@mail.ru',0,1,'',0),(59,77,'111',31,'5','31-10-2016',NULL,NULL,1649,'',NULL,2,NULL,NULL,0,0,1475588694,1,0,1,'Илья Тетерин','+7 (903) 082-11-96','alienhard@mail.ru',0,0,'',1),(60,151,'ываываыва',31,'2;4','30-10-2016',NULL,NULL,1649,'',NULL,2,NULL,NULL,0,0,1475911036,1,0,1,'Иванько','+7 (916) 184-53-31','bmnxdf@mail.ru',0,0,'',1),(61,156,'Ищу тамаду на свадьбу.',77,'171','30-10-2016',NULL,5,536,'Сделайте, что бы было круто!',NULL,2,64,'Впринципе неплохо!',1,1,NULL,0,1,0,'Алексей','+7 (916) 184-53-31','blastertester1@yandex.ru',1,0,'',1),(62,77,'1111',35,'3','26-10-2016',NULL,NULL,1949,'',NULL,2,NULL,NULL,0,0,1477842756,1,0,1,'Илья Тетерин','+7 (903) 082-11-96','alienhard@mail.ru',0,0,'',1),(63,156,'Нужен клевый чел!',74,'14','03-11-2016',NULL,NULL,2236,'',NULL,2,NULL,NULL,0,0,NULL,0,1,2,'Алексей','+7 (916) 184-53-31','blastertester1@yandex.ru',0,0,'',0),(64,77,'разуплотнение',33,'3','14-11-2016',NULL,NULL,1949,'',NULL,2,NULL,NULL,0,0,NULL,0,0,2,'Илья Тетерин','+7 (903) 082-11-96','alienhard@mail.ru',0,1,'',1),(65,-1,'Типтоп!',33,'2;3','19-11-2016',NULL,NULL,2108,'',NULL,0,NULL,NULL,0,0,NULL,0,0,0,'Сымит','+7 (916) 184-53-31','redblueandreas@gmail.com',1,1,'',1),(66,-1,'Типтоп',33,'4;6','19-11-2016',NULL,NULL,2108,'',NULL,0,NULL,NULL,0,0,NULL,0,0,0,'Тук','+7 (916) 184-53-31','redblueandreas@gmail.com',1,1,'',1),(67,156,'Типтоп',30,'2','19-11-2016',NULL,NULL,346,'',NULL,2,NULL,NULL,0,0,NULL,0,1,1,'Алексей','+7 (916) 184-53-31','blastertester1@yandex.ru',1,1,'',1),(68,2,'123',35,'4','05-12-2016',NULL,NULL,899,'',NULL,2,NULL,NULL,0,0,NULL,0,1,0,'Илья','+7 (903) 082-11-96','buggzy2@mail.ru',0,0,'',1),(69,160,'312321',58,'5','09-12-2016',NULL,NULL,510,'',NULL,2,NULL,NULL,0,0,1479644749,1,1,2,'Илья','+7 (903) 082-11-96','buggzy2@mail.ru',0,0,'',0),(70,163,'Патихард',29,'2','21-11-2016',NULL,NULL,1649,'',NULL,2,NULL,NULL,0,0,1479747327,1,1,1,'Иван','+7 (916) 184-53-31','blastertester3@yandex.ru',0,1,'',0),(71,77,'123',35,'2','04-02-2017',NULL,NULL,2108,'',NULL,1,NULL,NULL,0,0,1486396917,1,0,2,'Илья Тетерин','+7 (903) 082-11-96','alienhard@mail.ru',0,0,'',0);
/*!40000 ALTER TABLE `orders` ENABLE KEYS */;
UNLOCK TABLES;

--
-- Table structure for table `payments`
--

DROP TABLE IF EXISTS `payments`;
/*!40101 SET @saved_cs_client     = @@character_set_client */;
/*!40101 SET character_set_client = utf8 */;
CREATE TABLE `payments` (
  `id` int(11) NOT NULL AUTO_INCREMENT,
  `payment_type_id` int(11) DEFAULT NULL,
  `owner_id` int(11) DEFAULT NULL,
  `status` int(11) DEFAULT NULL,
  `ref_given` int(11) DEFAULT '0',
  `timestamp` timestamp NOT NULL DEFAULT CURRENT_TIMESTAMP,
  PRIMARY KEY (`id`)
) ENGINE=InnoDB AUTO_INCREMENT=121 DEFAULT CHARSET=utf8 COLLATE=utf8_unicode_ci;
/*!40101 SET character_set_client = @saved_cs_client */;

--
-- Dumping data for table `payments`
--

LOCK TABLES `payments` WRITE;
/*!40000 ALTER TABLE `payments` DISABLE KEYS */;
INSERT INTO `payments` VALUES (1,1,NULL,NULL,1,'0000-00-00 00:00:00'),(2,1,2,0,1,'0000-00-00 00:00:00'),(3,1,2,0,1,'0000-00-00 00:00:00'),(4,1,2,0,1,'0000-00-00 00:00:00'),(5,1,2,0,1,'0000-00-00 00:00:00'),(6,1,2,0,1,'0000-00-00 00:00:00'),(7,1,2,0,1,'0000-00-00 00:00:00'),(8,1,2,0,1,'0000-00-00 00:00:00'),(9,1,2,0,1,'0000-00-00 00:00:00'),(10,1,2,0,1,'0000-00-00 00:00:00'),(11,1,2,0,1,'0000-00-00 00:00:00'),(12,1,2,0,1,'0000-00-00 00:00:00'),(13,2,2,0,1,'0000-00-00 00:00:00'),(14,3,2,0,1,'0000-00-00 00:00:00'),(15,3,2,0,1,'0000-00-00 00:00:00'),(16,3,2,0,1,'0000-00-00 00:00:00'),(17,3,2,0,1,'0000-00-00 00:00:00'),(18,3,2,0,1,'0000-00-00 00:00:00'),(19,3,2,0,1,'0000-00-00 00:00:00'),(20,3,2,0,1,'0000-00-00 00:00:00'),(21,3,2,0,1,'0000-00-00 00:00:00'),(22,3,2,0,1,'0000-00-00 00:00:00'),(23,3,2,0,1,'0000-00-00 00:00:00'),(24,3,2,0,1,'0000-00-00 00:00:00'),(25,3,2,0,1,'0000-00-00 00:00:00'),(26,3,2,0,1,'0000-00-00 00:00:00'),(27,3,2,0,1,'0000-00-00 00:00:00'),(28,3,2,0,1,'0000-00-00 00:00:00'),(29,3,2,0,1,'0000-00-00 00:00:00'),(30,3,14,1,1,'0000-00-00 00:00:00'),(31,3,14,1,1,'0000-00-00 00:00:00'),(32,3,14,0,1,'0000-00-00 00:00:00'),(33,3,14,1,1,'0000-00-00 00:00:00'),(34,3,14,1,1,'0000-00-00 00:00:00'),(35,3,2,0,1,'0000-00-00 00:00:00'),(36,3,2,1,1,'0000-00-00 00:00:00'),(37,3,2,1,1,'0000-00-00 00:00:00'),(38,1,2,0,1,'0000-00-00 00:00:00'),(39,3,2,1,1,'0000-00-00 00:00:00'),(40,3,2,1,1,'0000-00-00 00:00:00'),(41,3,2,1,1,'0000-00-00 00:00:00'),(42,3,2,1,1,'0000-00-00 00:00:00'),(43,3,2,1,1,'0000-00-00 00:00:00'),(44,3,2,1,1,'0000-00-00 00:00:00'),(45,3,2,1,1,'0000-00-00 00:00:00'),(46,3,2,1,1,'0000-00-00 00:00:00'),(47,4,14,1,1,'0000-00-00 00:00:00'),(48,3,29,1,1,'0000-00-00 00:00:00'),(49,1,20,0,1,'0000-00-00 00:00:00'),(50,1,20,0,1,'0000-00-00 00:00:00'),(51,2,20,0,1,'0000-00-00 00:00:00'),(52,3,20,0,1,'0000-00-00 00:00:00'),(53,3,20,0,1,'0000-00-00 00:00:00'),(54,3,20,0,1,'0000-00-00 00:00:00'),(55,3,20,0,1,'0000-00-00 00:00:00'),(56,3,20,0,1,'0000-00-00 00:00:00'),(57,3,20,0,1,'0000-00-00 00:00:00'),(58,3,20,0,1,'0000-00-00 00:00:00'),(59,3,20,0,1,'0000-00-00 00:00:00'),(60,1,20,1,1,'0000-00-00 00:00:00'),(61,1,1,0,1,'0000-00-00 00:00:00'),(62,1,1,1,1,'0000-00-00 00:00:00'),(63,1,31,0,1,'0000-00-00 00:00:00'),(64,1,31,0,1,'0000-00-00 00:00:00'),(65,1,31,1,1,'0000-00-00 00:00:00'),(66,1,20,0,1,'0000-00-00 00:00:00'),(67,3,20,0,1,'0000-00-00 00:00:00'),(68,3,20,1,1,'0000-00-00 00:00:00'),(69,3,20,0,1,'0000-00-00 00:00:00'),(70,4,20,0,1,'0000-00-00 00:00:00'),(71,3,20,1,1,'0000-00-00 00:00:00'),(72,3,20,0,1,'0000-00-00 00:00:00'),(73,1,37,1,1,'0000-00-00 00:00:00'),(74,1,38,1,1,'0000-00-00 00:00:00'),(75,3,39,0,1,'0000-00-00 00:00:00'),(76,3,20,0,1,'0000-00-00 00:00:00'),(77,3,20,0,1,'0000-00-00 00:00:00'),(78,3,38,0,1,'0000-00-00 00:00:00'),(79,3,38,0,1,'0000-00-00 00:00:00'),(80,3,38,0,1,'0000-00-00 00:00:00'),(81,1,20,1,1,'0000-00-00 00:00:00'),(82,3,38,0,1,'0000-00-00 00:00:00'),(83,3,38,0,1,'0000-00-00 00:00:00'),(84,1,52,1,1,'0000-00-00 00:00:00'),(85,1,53,1,1,'0000-00-00 00:00:00'),(86,1,55,1,1,'0000-00-00 00:00:00'),(87,1,56,1,1,'0000-00-00 00:00:00'),(88,3,38,0,1,'0000-00-00 00:00:00'),(89,3,38,1,1,'0000-00-00 00:00:00'),(90,3,56,0,1,'0000-00-00 00:00:00'),(91,3,56,0,1,'0000-00-00 00:00:00'),(92,3,56,1,1,'0000-00-00 00:00:00'),(93,4,20,1,1,'0000-00-00 00:00:00'),(94,3,59,0,1,'0000-00-00 00:00:00'),(95,3,59,1,1,'0000-00-00 00:00:00'),(96,3,60,0,1,'0000-00-00 00:00:00'),(97,1,58,1,1,'0000-00-00 00:00:00'),(98,5,38,0,1,'0000-00-00 00:00:00'),(99,3,64,1,1,'0000-00-00 00:00:00'),(100,1,65,1,1,'0000-00-00 00:00:00'),(101,1,81,1,1,'0000-00-00 00:00:00'),(102,1,87,1,1,'0000-00-00 00:00:00'),(103,1,104,1,1,'0000-00-00 00:00:00'),(104,1,123,1,1,'0000-00-00 00:00:00'),(105,3,124,1,1,'0000-00-00 00:00:00'),(106,5,131,1,1,'0000-00-00 00:00:00'),(107,3,64,0,1,'0000-00-00 00:00:00'),(108,3,64,0,1,'0000-00-00 00:00:00'),(109,3,64,0,1,'2016-07-30 16:11:33'),(110,3,71,0,1,'2016-08-01 14:30:55'),(111,1,64,1,1,'2016-09-29 12:24:51'),(112,1,64,1,1,'2016-10-29 12:32:42'),(113,1,157,1,1,'2016-10-29 14:00:20'),(114,1,117,1,1,'2016-11-12 10:05:34'),(115,1,106,1,1,'2016-11-14 19:55:03'),(116,3,64,0,1,'2016-11-17 15:29:31'),(117,3,159,1,1,'2016-11-17 15:49:10'),(118,3,159,0,0,'2016-11-20 16:57:27'),(119,3,159,1,1,'2016-11-20 16:57:48'),(120,1,157,1,1,'2017-02-03 18:12:16');
/*!40000 ALTER TABLE `payments` ENABLE KEYS */;
UNLOCK TABLES;

--
-- Table structure for table `payments_types`
--

DROP TABLE IF EXISTS `payments_types`;
/*!40101 SET @saved_cs_client     = @@character_set_client */;
/*!40101 SET character_set_client = utf8 */;
CREATE TABLE `payments_types` (
  `id` int(11) NOT NULL AUTO_INCREMENT,
  `title` varchar(200) COLLATE utf8_unicode_ci DEFAULT NULL,
  `period` int(11) DEFAULT NULL,
  `cost` float DEFAULT NULL,
  `description` varchar(2000) COLLATE utf8_unicode_ci DEFAULT NULL,
  PRIMARY KEY (`id`)
) ENGINE=InnoDB AUTO_INCREMENT=8 DEFAULT CHARSET=utf8 COLLATE=utf8_unicode_ci;
/*!40101 SET character_set_client = @saved_cs_client */;

--
-- Dumping data for table `payments_types`
--

LOCK TABLES `payments_types` WRITE;
/*!40000 ALTER TABLE `payments_types` DISABLE KEYS */;
INSERT INTO `payments_types` VALUES (1,'Расскажите о нас друзьям!',1,0,'<p><strong>Расскажите о нас друзьям и получите 1&nbsp;час&nbsp;пользования сервисом бесплатно! Попробуйте бесплатно все возможности нашего сервиса.</strong></p>\r\n\r\n<p>Нет необходимости сразу оплачивать подписку, когда есть возможность попробовать беспалтно!</p>\r\n\r\n<p>Предлагайте свои услуги заказчикам и получайте заказы на мероприятия!</p>\r\n\r\n<p>Возможность предоставляется 1 раз в месяц.</p>\r\n\r\n<p>&nbsp; &nbsp; &nbsp; &nbsp; &nbsp; &nbsp; &nbsp; &nbsp; &nbsp; &nbsp; &nbsp; &nbsp; &nbsp; &nbsp; &nbsp; &nbsp; &nbsp; &nbsp; &nbsp; &nbsp; &nbsp; &nbsp; &nbsp; &nbsp; &nbsp; &nbsp; &nbsp; &nbsp; &nbsp; &nbsp; &nbsp; &nbsp;&nbsp;&nbsp;<img alt=\"\" src=\"http://s3.amazonaws.com/instapage-user-media-live/140640-0-1394164397Messages.png\" style=\"float:left; height:100px; width:100px\" /></p>\r\n\r\n<p>&nbsp;</p>\r\n\r\n<p>&nbsp;</p>\r\n\r\n<p>&nbsp;</p>\r\n\r\n<p>#SOCIAL_SHARE#</p>\r\n'),(3,'1 день пользования сервисом! ',24,100,'<p><strong>Для тех, кому не нужна постоянная подписка,а достаточно 1 дня для поиска заказчика!</strong></p>\r\n\r\n<p>Вы получаете возможность делать предложения по заказам в течении одного дня, а также набирать себе базу заказчиков!</p>\r\n\r\n<p>На сервисе исключительно целевые заказы, которые&nbsp;проходят&nbsp;через систему&nbsp;модерации.</p>\r\n\r\n<p><img alt=\"\" src=\"http://www.uspto.gov/sites/default/files/styles/wysiwyg_small/public/MFS%20Price%20Tag%20Icon%20for%20Website.png?itok=qs3O2Axm\" style=\"height:100px; width:100px\" /></p>\r\n'),(4,'7 дней пользования сервисом! ',168,500,'<p><strong>Для ценителей удобства сервиса Eventblaster.ru, недельная подписка!</strong></p>\r\n\r\n<p>Вы получаете возможность делать предложения по заказам в течении недели, а также набирать себе базу заказчиков!</p>\r\n\r\n<p>На сервисе исключительно&nbsp;целевые заказы, которые проходят через систему&nbsp;модерации.</p>\r\n\r\n<p><img alt=\"\" src=\"http://www.uspto.gov/sites/default/files/styles/wysiwyg_small/public/MFS%20Price%20Tag%20Icon%20for%20Website.png?itok=qs3O2Axm\" style=\"height:100px; width:100px\" /></p>\r\n'),(5,'1 месяц пользования сервисом!',720,1200,'<p><strong>Для активных пользователей и&nbsp;организаторов мероприятий сервиса Eventblaster.ru, подписка на месяц!</strong></p>\r\n\r\n<p>Вы получаете возможность делать предложения по заказам в течении месяца, а также набирать себе базу заказчиков!</p>\r\n\r\n<p>На сервисе исключительно&nbsp;целевые заказы, которые проходят через систему&nbsp;модерации.</p>\r\n\r\n<p><img alt=\"\" src=\"http://www.uspto.gov/sites/default/files/styles/wysiwyg_small/public/MFS%20Price%20Tag%20Icon%20for%20Website.png?itok=qs3O2Axm\" style=\"cursor:default; height:100px; width:100px\" /></p>\r\n'),(6,'2 месяца пользования сервисом!',1440,2000,'<p><strong>Для активных пользователей и&nbsp;организаторов мероприятий сервиса Eventblaster.ru, подписка на 2&nbsp;месяца!</strong></p>\r\n\r\n<p>Вы получаете возможность делать предложения по заказам в течении 2-х месяцев, а также набирать себе базу заказчиков!</p>\r\n\r\n<p>На сервисе исключительно&nbsp;целевые заказы, которые проходят через систему&nbsp;модерации.</p>\r\n\r\n<p><img alt=\"\" src=\"http://www.uspto.gov/sites/default/files/styles/wysiwyg_small/public/MFS%20Price%20Tag%20Icon%20for%20Website.png?itok=qs3O2Axm\" style=\"cursor:default; height:100px; width:100px\" /></p>\r\n'),(7,'3 месяца пользования сервисом!',2160,2800,'<p><strong>Для активных пользователей и&nbsp;организаторов мероприятий сервиса Eventblaster.ru, подписка на 3&nbsp;месяца!</strong></p>\r\n\r\n<p>Вы получаете возможность делать предложения по заказам в течении 3-х месяцев, а также набирать себе базу заказчиков!</p>\r\n\r\n<p>На сервисе исключительно&nbsp;целевые заказы, которые проходят через систему&nbsp;модерации.</p>\r\n\r\n<p><img alt=\"\" src=\"http://www.uspto.gov/sites/default/files/styles/wysiwyg_small/public/MFS%20Price%20Tag%20Icon%20for%20Website.png?itok=qs3O2Axm\" style=\"cursor:default; height:100px; width:100px\" /></p>\r\n');
/*!40000 ALTER TABLE `payments_types` ENABLE KEYS */;
UNLOCK TABLES;

--
-- Table structure for table `portfolio`
--

DROP TABLE IF EXISTS `portfolio`;
/*!40101 SET @saved_cs_client     = @@character_set_client */;
/*!40101 SET character_set_client = utf8 */;
CREATE TABLE `portfolio` (
  `id` int(11) NOT NULL AUTO_INCREMENT,
  `owner_id` int(11) DEFAULT NULL,
  `path` varchar(200) COLLATE utf8_unicode_ci DEFAULT NULL,
  `type` int(11) DEFAULT NULL,
  `moderated` int(11) DEFAULT '0',
  PRIMARY KEY (`id`)
) ENGINE=InnoDB AUTO_INCREMENT=393 DEFAULT CHARSET=utf8 COLLATE=utf8_unicode_ci;
/*!40101 SET character_set_client = @saved_cs_client */;

--
-- Dumping data for table `portfolio`
--

LOCK TABLES `portfolio` WRITE;
/*!40000 ALTER TABLE `portfolio` DISABLE KEYS */;
INSERT INTO `portfolio` VALUES (91,73,'vohKuGSgDx0',2,1),(148,81,'f7780433dc0009c501bd3807f1ce5439.jpg',1,1),(149,81,'17e6ac3dbd9bb9799185b3f21d12d0bf.jpg',1,1),(150,81,'d0c08e9f9466e3b556af3329d98984d2.jpg',1,1),(151,81,'085fc201735b50d7eef7ca9147e326e1.jpg',1,1),(152,81,'08b7eb529a39dc990ec6d9e4a14a9042.jpg',1,1),(153,81,'b64e7e05c08671dce82704169279777b.jpg',1,1),(154,81,'a2238905624766a67c59650e240d5fd4.jpg',1,1),(155,81,'c13033f9e877c5b33928a53d29acca6f.jpg',1,1),(156,81,'9d8538d56333dacc6809c33e6ee0d221.jpg',1,1),(157,81,'51127802c099e6608c7a39601acbec3a.jpg',1,1),(160,87,'d65f2747d40ea354a45332cde43d1a6d.jpg',1,1),(161,87,'1a3f4da6155262866809698a9d8c1392.jpg',1,1),(162,87,'aa78cef17c099a9b31f18b307261ce35.jpg',1,1),(163,87,'1850f897f48d3d62ed3654f186dd05cb.jpg',1,1),(164,87,'d2653aae1b12ee459e48ab3ce1963ef2.jpg',1,1),(165,87,'25c3377f53f5a05cefc38d4ed57e5f09.jpg',1,1),(166,87,'db0ab536503acac454333d229b0abdf1.jpg',1,1),(167,87,'8ce3180da82697c4a89ced166fe6eebe.jpg',1,1),(168,87,'d21786b840ce9a7f40c67b4a4d7a1363.jpg',1,1),(169,87,'c4b0a7c03786c2bccc535fbb7aefd7dd.jpg',1,1),(170,87,'5a473db0d11415afdc0aad819f8d40ec.jpg',1,1),(171,87,'9e18e05d7962b623932d75857a80f0ef.jpg',1,1),(172,87,'e8e6e1be5efb5d3e0fbdc81c84f257ec.jpg',1,1),(173,87,'cc55520558e6b068626b5aab2c8f1cc3.jpg',1,1),(174,87,'fb94540699dfbdc4f49192f7ecedd7d2.jpg',1,1),(175,87,'deb8eea6dfba730b3090106ea98de3b3.jpg',1,1),(176,87,'93195379d746d6db268da881ce866c51.jpg',1,1),(177,87,'cbe03fb6a75010efdcf28398a10fd7ce.jpg',1,1),(178,89,'77d43772787d7faa40ec6d700a86f256.jpg',1,1),(179,89,'e0efd036a387395ff9e5b7291feec981.jpg',1,1),(180,89,'ed0cc7753252548772775bfa8c771df4.jpg',1,1),(181,89,'98bfcaf66dc5b1138bbb244bb45164de.jpg',1,1),(182,89,'aaf6440cc535a53399e4445e82163f21.jpg',1,1),(184,89,'f515d0209f35a81b538c02c4fb63e75f.jpg',1,1),(185,90,'ff95b7259a68f4aee54166def86e6878.jpg',1,1),(186,90,'2c86b47de107d335bda223d67f7de866.jpg',1,1),(187,90,'b69c116a0e937183714e6b3e11698eb3.jpg',1,1),(188,90,'37648dd7fe71d8e53c5a9522f9bdfa74.jpg',1,1),(190,90,'//vk.com/video_ext.php?oid=6655045&id=171489918&hash=f333bf9e5a1b8528&hd=2',3,1),(191,68,'efb92a85d65bc3442529ad241b884622.jpg',1,1),(192,68,'d629d4b4ee3f40c7aae72b3d033b62a1.jpg',1,1),(193,68,'3d6f68315dc9cc1d7a360741c5cac5d8.jpg',1,1),(194,99,'46ca725ec75394233c4fdd354eca3b67.jpg',1,1),(195,99,'63217bb8aa5813d05f86ef2b7bf578c2.jpg',1,1),(196,99,'ff7711d65894856a4c1b35aced31b6b6.jpg',1,1),(197,99,'75a02f8402d64f78d122ebfc363ef4b0.jpg',1,1),(198,99,'2b5acc1a03ce484a09e130d2339f7bb1.jpg',1,1),(199,99,'d626899f8a6a915744b1984a7dbd7d53.jpg',1,1),(200,99,'f1a7c8b07af3c8632b82d86c1ded4be7.jpg',1,1),(201,99,'96c1be6a4177f172047814d04f5e89d2.jpg',1,1),(202,99,'1faa0b4b870c09a0af6a09b9dbe0187e.jpg',1,1),(203,99,'3c6fc998fb6980bf3a1ceadb0f1532d2.jpg',1,1),(204,99,'aa3cd5fa9b0b708506ea03b479893c36.jpg',1,1),(205,99,'64d866dc6adf4ebf4f5089de8a8a754d.jpg',1,1),(206,99,'b89f944ee2a15f8301ac83d37eca05b8.jpg',1,1),(207,99,'e4afcf7b17966f0a21deba64e3a907fc.jpg',1,1),(208,99,'d462e728704571bc8ae6ff2593274673.jpg',1,1),(209,99,'a1224dbeafe37674061f9350a023ab6e.jpg',1,1),(210,99,'5e22244bd7a45a1425c9d7ddd206cbd8.jpg',1,1),(211,99,'8da30ba49bae93e3a01098ac232334b6.jpg',1,1),(212,99,'3b884acdc2efd43d1131ac74c46b4c44.jpg',1,1),(213,99,'6deab0939ab3cf2a8c4e210d295c8629.jpg',1,1),(214,99,'78a97e659be2af2fdc9eb7f69dd6a370.jpg',1,1),(215,99,'bc470aa601556bffd20a9418ecf70b92.jpg',1,1),(216,99,'6791be2f92b78686c2678c3bff3f9ba8.jpg',1,1),(217,99,'96db8abc31f9a1e1994c3e45f97afd94.jpg',1,1),(218,99,'ead18468e172617e889f253ff61ba528.jpg',1,1),(219,99,'40573b51410a55182dd7ff06fbe0a412.jpg',1,1),(220,99,'8bcb667b77b6d5ed74daaafa6c66e73c.jpg',1,1),(221,99,'2f4ba8b69885e7e9f88aa3833a8a2d97.jpg',1,1),(222,99,'6dc795f1367d7463388ca844d9cffd5e.jpg',1,1),(223,99,'b75076905c2d8076b6f5906454cb4e18.jpg',1,1),(224,99,'510e11b11e2bf817e263e41f8fda1067.jpg',1,1),(225,99,'bb459ce35f654ad4501c1a56f04343a1.jpg',1,1),(226,99,'uVlZaQlrQto',2,1),(227,99,'6dK40CacRng',2,1),(228,112,'f3c4b37706c1c9a1bf9139427558c5c1.jpg',1,1),(229,112,'0d3b46fa4182cab2c868ef7b8971c263.jpg',1,1),(230,112,'37f3033374e2c1ada27c8c09deec8223.jpg',1,1),(231,112,'e64fd23cb8390f2268b9f3848ad8ac07.jpg',1,1),(232,112,'dc1e28d8214657bbb8725b1461d89249.jpg',1,1),(233,112,'1c449f6cafcf955c87580ec1aa1e4ed4.jpg',1,1),(234,112,'f7f7e4bf6803f57784227656ed8f999a.jpg',1,1),(235,112,'ce7f8f0c40e391d250ae20961998d29b.jpg',1,1),(236,112,'a59ebebfbfe074f145386b267ebbd8ac.jpg',1,1),(237,112,'88bb33dc46f042a63bb7c2e2e7b1467b.jpg',1,1),(238,112,'255094ad8b9462d4571ee846ce988c6f.jpg',1,1),(239,112,'13174a1a0807564e3dba43a8be4816ce.jpg',1,1),(240,112,'74e56a80519def001e8e28cedbde1b10.jpg',1,1),(241,112,'a18e40ed90e00fb0d7c44f9ec6c6e740.jpg',1,1),(242,112,'cf3b9cec0bc40aaba2d320a343e5bed5.jpg',1,1),(243,112,'fa3f1290b8923321d7ac552a1767623a.jpg',1,1),(244,112,'3ebe2f71291876b8243e829bb1468f28.jpg',1,1),(245,112,'f588c0ab861130286380925f6b610095.jpg',1,1),(246,112,'02df53646f940f3240fb6e2283fc9565.jpg',1,1),(247,112,'e7a458c520d16a1be72c443ba28df730.jpg',1,1),(249,112,'9fef2c07fd2fbcef19575d3d465e79fa.jpg',1,1),(251,112,'578a8cf2e25f98ad5c9d3710dc7a5de1.jpg',1,1),(252,112,'9ffc37d782df06fd2ee04d083a0a231c.jpg',1,1),(253,112,'c24c875def9b9a81740576868a53fd62.jpg',1,1),(254,112,'22b8afdd747f1977b9ffdc77069c661d.jpg',1,1),(255,112,'4a04da66e63eea4beb8e9b5a8c4119bb.jpg',1,1),(256,112,'4191a3fa4414893bce82e083cad72ecc.jpg',1,1),(258,112,'dd417aff3b4289622dd9b3b057434a36.jpg',1,1),(259,112,'5ef37db9804ae0793a2540e6fd466292.jpg',1,1),(260,112,'1910eb49ef8fdaf7ece11a8dcc4d477e.jpg',1,1),(261,112,'1dfa00ce0c66ebc78171fbbf4152394a.jpg',1,1),(262,112,'1c879ed2dfd9192f094821d5c5aac80f.jpg',1,1),(263,112,'60b8c3839b887ee75d38e9d2364daf7e.jpg',1,1),(264,112,'37d1d8cf884c8435700aad8e956de82d.jpg',1,1),(266,112,'f3d787f0cf44ac2390fb1ef9bfe5b203.jpg',1,1),(267,112,'bf20a21791346b06279e788a0ae4a5a0.jpg',1,1),(268,112,'bb5207cd050d7fd4604621837538fbad.jpg',1,1),(269,112,'46a2695b18c8cf919137acc07d3d11ee.jpg',1,1),(270,112,'d0e2ec4242bd98901a68857c8ffd50ff.jpg',1,1),(271,112,'a0f0f1e01c9bb5a2ec5f88cc862eb36e.jpg',1,1),(272,112,'2f868ff2312d698dd743a96e3281cdbd.jpg',1,1),(273,112,'599bdc3372f6cd62b9e5424317084279.jpg',1,1),(274,112,'fa3f608ebb7a23e0f27834025f6aa162.jpg',1,1),(275,112,'ecd0d77c67325efda253b0ca2f004187.jpg',1,1),(276,112,'c02c34485f1a23c98d28c3c87b665fad.jpg',1,1),(277,112,'5c2e1eae4a8b565a33889102d7f0d545.jpg',1,1),(279,112,'f6cfd23b3b31dffbd7e974bd476f4166.jpg',1,1),(280,112,'6e6bb364b4a31faff403e25d2e35fe64.jpg',1,1),(281,112,'357053e6065bd22e2567c8d1d4843d4a.jpg',1,1),(282,112,'f471e265b3e9ddde07f14e57ebb67f3b.jpg',1,1),(284,112,'7472657a5b9be12784c4414b3bb64a1f.jpg',1,1),(285,112,'80d502b34575e8e8834427ace553ad59.jpg',1,1),(286,112,'1d1e549feeea82c2f7d432d8c8958719.jpg',1,1),(287,112,'0eda9a7e500fa3fe435990672044403c.jpg',1,1),(288,112,'db72c3a56befb43452ef64439048e8f2.jpg',1,1),(289,112,'91ea85089a295ee1ec5323bf93cb533c.jpg',1,1),(290,112,'b759dbc87a5d360e1b9dd67db7c096d9.jpg',1,1),(291,112,'a4305124e2c8330bad920dd02658dea3.jpg',1,1),(292,112,'ce10c496531a8c3a64f1a435e6c59a0a.jpg',1,1),(293,112,'5ffa38f8377aa5f2b2003a6020122633.jpg',1,1),(294,112,'ff086f9c97c02416058442480a0d0743.jpg',1,1),(295,112,'188acac9d5d29a40298e41f58f626fc8.jpg',1,1),(297,112,'b877ae4ff2fc17151fd4ee50ed8d2e6b.jpg',1,1),(298,112,'7054684d499aaae88ab0b658a9ef6fed.jpg',1,1),(299,112,'8dc778b8686f9d15a327fe01570d3cee.jpg',1,1),(300,112,'a2f263a4b0e3c5afb878aa7d4d4e8c04.jpg',1,1),(301,112,'e0ac75ef74f94920775d414fb6fdaa19.jpg',1,1),(302,112,'298a85cdce6b8d46e617f13ceb6872d9.jpg',1,1),(303,112,'ddb546fbba57c27abb43c8cf0780732c.jpg',1,1),(304,118,'3b54f41b1ce3f58da2ad49d3f4cb5826.jpg',1,1),(305,118,'98e4ced4201c9568916b6c1ccb1f422d.jpg',1,1),(306,118,'cdb9df7d25a04fe77240c98b9d48308e.jpg',1,1),(310,120,'aqfFLyOn2Pw',2,1),(311,120,'Y5WPvBZeNAk',2,1),(312,120,'PMKZWLUt9_M',2,1),(313,120,'E3QRKiK4lhM',2,1),(314,121,'KTrJbtHv-qg',2,1),(315,121,'ZunLZIQjhR4',2,1),(316,121,'rX2RnzxVWoo',2,1),(317,121,'gCM0r1T3ZJA',2,1),(318,121,'PkPQ2XUzYxs',2,1),(319,121,'H5Ig3zoaSnM',2,1),(320,121,'-rBqIvqQYI8',2,1),(321,121,'du6K9oMnb4I',2,1),(322,124,'b07887308ff3258ad4e6c22d64a75f94.jpg',1,1),(323,124,'22b6e69549b716c7fa52b1efda232aed.jpg',1,1),(324,124,'1a02dc39d90746bc8a87ccb69dbd9bdf.jpg',1,1),(325,124,'795ef6be0e02e77839cc7355b13a968a.jpg',1,1),(326,124,'7808c533f9206adbad4da6dda9fd156e.jpg',1,1),(327,124,'d74394576c5eac7a080405fc6eba5b07.jpg',1,1),(328,124,'8b7aa3a6abed6f5b99167445ee750cc7.jpg',1,1),(329,124,'e251338c08678c7083b76e7f5e732b41.jpg',1,1),(331,125,'2a64d90e51551aa149111bd4910ee4a1.jpg',1,1),(332,125,'eb3517f04514b9712334506e81ffa213.jpg',1,1),(333,125,'6ea835f3bb5704664f32024fb328427e.jpg',1,1),(334,125,'d5ac9aad396586eb9dae4c42f9194a54.jpg',1,1),(335,125,'9d0f34a06184247918756d55e3c96f7a.jpg',1,1),(336,125,'4ea5b2aa46609c5b47a00f66e2ccf648.jpg',1,1),(337,125,'b1ae2b132f3c7905e3e241f3aaee7799.jpg',1,1),(338,125,'8aafed2efd71dcbf0848e0d8f9c035f0.jpg',1,1),(339,125,'3e013a7c9a7c002190cb695f4ba8b328.jpg',1,1),(340,125,'8141b8821e3fd1085c3803afd186312d.jpg',1,1),(341,125,'5f4f2cafc1135a316e3152703c6b8765.jpg',1,1),(342,125,'522086dbef6a4f36f75bd055300f88b2.jpg',1,1),(343,125,'cf263de15f4fd6e7eb4f64740ad3c19b.jpg',1,1),(344,125,'d1b49da10862b9047610470f70a80787.jpg',1,1),(345,125,'32b37b547e35510c2de41e683389d720.jpg',1,1),(346,125,'ebc380e5ed4d81fa033a539738efc252.jpg',1,1),(347,125,'e8504b5730a7de638079e166ccea9325.jpg',1,1),(348,125,'54cb2c8b732ead640a177b9c390691e8.jpg',1,1),(349,125,'fa351f7915d3aedec80d1d1d75eb4536.jpg',1,1),(350,125,'ad0dae6c91ce457adb2dbd9158d530e2.jpg',1,1),(351,125,'e626f05391f1a6268e4406fb7c74b96d.jpg',1,1),(353,131,'03ab8a0e5dd4116ce411dd127fbf51e2.jpg',1,1),(354,131,'c095e943a284aa2e6b3a322dfe6a9772.jpg',1,1),(357,131,'2f4ad1da278590366a11bbab808d4bfd.jpg',1,1),(358,131,'417535420f25e10b1568bdc809f30431.jpg',1,1),(359,131,'03ba0628e084fd86cc283a9ea250c447.jpg',1,1),(360,131,'7d49adc3274859286a51ae6cd7d835e7.jpg',1,1),(361,131,'78e7961c83f0a9351776b0982914a438.jpg',1,1),(362,131,'7b477dfa736415508ec50910dbcbc970.jpg',1,1),(363,131,'ee145965fd3d203ae74360325c8b1a69.jpg',1,1),(364,131,'5d3e6110c65ff5a81e18fac7b7d32b34.jpg',1,1),(365,131,'ca6b60a0617d391eef2a4faa6af459b9.jpg',1,1),(366,131,'c2308454125655d583aae3728c8b9b62.jpg',1,1),(367,131,'557f0efaf4391b708271005b3be75540.jpg',1,1),(368,131,'4ccc478b9a2acad46a6603fe43b025d6.jpg',1,1),(369,131,'f8347a3c0ff10208fc4cd866b3015023.jpg',1,1),(370,131,'5e9c4086fc17bd537f02e72804146adc.jpg',1,1),(371,131,'2fdde88c3a859dac9a7c2f85fd8cf52a.jpg',1,1),(372,131,'829573b36b11f0f9525453322f216e78.jpg',1,1),(373,131,'f75bf13f27fd933cbdf1de79dd00f6a9.jpg',1,1),(375,134,'57fcad28c3a1adcb6f279176088af236.jpg',1,1),(376,134,'c54d103ad6b8bd8364040c4efe715ea7.jpg',1,1),(377,134,'c795584283a64f2cc1790f17913f7566.jpg',1,1),(378,134,'6fa18c1ba726faad1acb9b6c98b7420d.jpg',1,1),(379,134,'ad8093e7fd66edc9dd34456e12a9dbd3.jpg',1,1),(380,134,'e5ebda45d6228ea31fdcb91370396114.jpg',1,1),(381,134,'76f3129e5f6061404a2544fc81a11330.jpg',1,1),(382,134,'1f675d6fc61940f5c91eb6c5064b02c6.jpg',1,1),(383,134,'ffe2ad92320013823d66b78e3eac4b1d.jpg',1,1),(384,134,'daef9681b964a254b9e3544de9e6d6ab.jpg',1,1),(385,134,'5680895f13ad2993133ffa0f761bf11b.jpg',1,1),(386,134,'75d5207b8151f8b2ac9f915eb82e5058.jpg',1,1),(387,134,'4fd2a18ace6da701abb1003fb65418ea.jpg',1,1),(388,134,'be739b05ff88776da049c990f0562fab.jpg',1,1),(389,134,'0f788338478a765fbcea931a6eb0bb97.jpg',1,1),(391,166,'bd492a5b6ec6ef18f5bed5bf4b6d189e.jpg',1,1),(392,166,'9ec46d68e5dba0860f9f7d22c74f8595.jpg',1,1);
/*!40000 ALTER TABLE `portfolio` ENABLE KEYS */;
UNLOCK TABLES;

--
-- Table structure for table `ref_payments`
--

DROP TABLE IF EXISTS `ref_payments`;
/*!40101 SET @saved_cs_client     = @@character_set_client */;
/*!40101 SET character_set_client = utf8 */;
CREATE TABLE `ref_payments` (
  `id` int(11) NOT NULL AUTO_INCREMENT,
  `owner_id` int(11) DEFAULT NULL,
  `for_id` int(11) DEFAULT NULL,
  `amount` float DEFAULT NULL,
  `timestamp` int(11) DEFAULT NULL,
  PRIMARY KEY (`id`)
) ENGINE=InnoDB AUTO_INCREMENT=6 DEFAULT CHARSET=latin1;
/*!40101 SET character_set_client = @saved_cs_client */;

--
-- Dumping data for table `ref_payments`
--

LOCK TABLES `ref_payments` WRITE;
/*!40000 ALTER TABLE `ref_payments` DISABLE KEYS */;
INSERT INTO `ref_payments` VALUES (5,156,163,10,1480100048);
/*!40000 ALTER TABLE `ref_payments` ENABLE KEYS */;
UNLOCK TABLES;

--
-- Table structure for table `regions`
--

DROP TABLE IF EXISTS `regions`;
/*!40101 SET @saved_cs_client     = @@character_set_client */;
/*!40101 SET character_set_client = utf8 */;
CREATE TABLE `regions` (
  `id` int(11) NOT NULL AUTO_INCREMENT,
  `title` varchar(200) COLLATE utf8_unicode_ci DEFAULT NULL,
  `moderated` int(11) DEFAULT '0',
  PRIMARY KEY (`id`)
) ENGINE=InnoDB AUTO_INCREMENT=4118 DEFAULT CHARSET=utf8 COLLATE=utf8_unicode_ci;
/*!40101 SET character_set_client = @saved_cs_client */;

--
-- Dumping data for table `regions`
--

LOCK TABLES `regions` WRITE;
/*!40000 ALTER TABLE `regions` DISABLE KEYS */;
INSERT INTO `regions` VALUES (111,'Адыгейск',1),(112,'Гиагинская',1),(113,'Кошехабль',1),(114,'Красногвардейск',1),(115,'Майкоп',1),(116,'Тахтамукай',1),(117,'Тульский',1),(118,'Хакуринохабль',1),(119,'Шовгеновский',1),(120,'Акъяр',1),(121,'Архангельское',1),(122,'Аскарово',1),(123,'Аскино',1),(124,'Баймак',1),(125,'Бакалы',1),(126,'Белебей',1),(127,'Белорецк',1),(128,'Бижбуляк',1),(129,'Бирск',1),(130,'Благовещенск',1),(131,'Большеустьикинское',1),(132,'Буздяк',1),(133,'Бураево',1),(134,'Верхнеяркеево',1),(135,'Верхние Киги',1),(136,'Давлеканово',1),(137,'Дюртюли',1),(138,'Ермекеево',1),(139,'Ермолаево',1),(140,'Зилаир',1),(141,'Иглино',1),(142,'Исянгулово',1),(143,'Ишимбай',1),(144,'Калтасы',1),(145,'Караидель',1),(146,'Кармаскалы',1),(147,'Киргиз-Мияки',1),(148,'Красная Горка',1),(149,'Красноусольский',1),(150,'Кумертау',1),(151,'Кушнаренково',1),(152,'Малояз',1),(153,'Мелеуз',1),(154,'Месягутово',1),(155,'Мишкино',1),(156,'Мраково',1),(157,'Нефтекамск',1),(158,'Николо-Березовка',1),(159,'Новобелокатай',1),(160,'Октябрьский',1),(161,'Раевский',1),(162,'Салават',1),(163,'Сибай',1),(164,'Стерлибашево',1),(165,'Стерлитамак',1),(166,'Толбазы',1),(167,'Туймазы',1),(168,'Уфа',1),(169,'Учалы',1),(170,'Федоровка',1),(171,'Чекмагуш',1),(172,'Чишмы',1),(173,'Шаран',1),(174,'Языково',1),(175,'Янаул',1),(176,'Баргузин',1),(177,'Бичура',1),(178,'Гусиноозерск',1),(179,'Закаменск',1),(180,'Иволгинск',1),(181,'Кижинга',1),(182,'Курумкан',1),(183,'Кяхта',1),(184,'Мухоршибирь',1),(185,'Петропавловка',1),(186,'Северобайкальск',1),(187,'Сосново-Озерское',1),(188,'Тарбагатай',1),(189,'Турунтаево',1),(190,'Улан-Удэ',1),(191,'Хоринск',1),(192,'Байконур',1),(193,'Горно-Алтайск',1),(194,'Майма',1),(195,'Онгудай',1),(196,'Турочак',1),(197,'Усть-Кан',1),(198,'Чоя',1),(199,'Шебалино',1),(200,'Дербент',1),(201,'Касумкент',1),(202,'Кизляр',1),(203,'Курах',1),(204,'Махачкала',1),(205,'Назрань',1),(206,'Баксан',1),(207,'Залукокоаже',1),(208,'Кошхатау',1),(209,'Майский',1),(210,'Нальчик',1),(211,'Нарткала',1),(212,'Прохладный',1),(213,'Советское',1),(214,'Терек',1),(215,'Терскол',1),(216,'Тырныауз',1),(217,'Чегем Первый',1),(218,'Большой Царын',1),(219,'Городовиковск',1),(220,'Ики-Бурул',1),(221,'Каспийский',1),(222,'Кетченеры',1),(223,'Комсомольский',1),(224,'Приютное',1),(225,'Садовое',1),(226,'Троицкое',1),(227,'Цаган Аман',1),(228,'Элиста',1),(229,'Яшалта',1),(230,'Яшкуль',1),(231,'Адыге-Хабль',1),(232,'Зеленчукская',1),(233,'Преградная',1),(234,'Усть-Джегута',1),(235,'Учкекен',1),(236,'Черкесск',1),(237,'Беломорск',1),(238,'Калевала',1),(239,'Кемь',1),(240,'Кондопога',1),(241,'Костомукша',1),(242,'Лахденпохья',1),(243,'Лоухи',1),(244,'Медвежьегорск',1),(245,'Муезерский',1),(246,'Олонец',1),(247,'Петрозаводск',1),(248,'Питкяранта',1),(249,'Пряжа',1),(250,'Пудож',1),(251,'Сегежа',1),(252,'Сортавала',1),(253,'Суоярви',1),(254,'Айкино',1),(256,'Визинга',1),(257,'Воркута',1),(258,'Вуктыл',1),(259,'Выльгорт',1),(260,'Выльногорск',1),(261,'Емва',1),(262,'Ижма',1),(263,'Инта',1),(264,'Койгородок',1),(265,'Корткерос',1),(266,'Обьячево',1),(267,'Печора',1),(268,'Сосногорск',1),(269,'Сыктывкар',1),(270,'Троицко-Печорск',1),(271,'Усинск',1),(272,'Усогорск',1),(273,'Усть-Кулом',1),(274,'Усть-Цильма',1),(275,'Ухта',1),(276,'Волжск',1),(277,'Звенигово',1),(278,'Йошкар-ола',1),(279,'Килемары',1),(280,'Козьмодемьянск',1),(281,'Куженер',1),(282,'Морки',1),(283,'Новый Торъял',1),(284,'Оршанка',1),(285,'Параньга',1),(286,'Сернур',1),(287,'Советский',1),(288,'Юрино',1),(289,'Ардатов',1),(290,'Атюрьево',1),(291,'Атяшево',1),(292,'Большие Березняки',1),(293,'Большое Игнатово',1),(294,'Дубенки',1),(295,'Ельники',1),(296,'Зубова Поляна',1),(297,'Инсар',1),(298,'Кадошкино',1),(299,'Кемля',1),(300,'Ковылкино',1),(301,'Кочкурово',1),(302,'Краснослободск',1),(303,'Лямбирь',1),(304,'Ромоданово',1),(305,'Рузаевка',1),(306,'Саранск',1),(307,'Старое Шайгово',1),(308,'Темников',1),(309,'Теньгушево',1),(310,'Торбеево',1),(311,'Чамзинка',1),(312,'Явас',1),(313,'Алдан',1),(314,'Амга',1),(315,'Батагай-Алыта',1),(316,'Бердигестях',1),(317,'Борогонцы',1),(318,'Верхневилюйск',1),(319,'Вилюйск',1),(320,'Ленск',1),(321,'Майя',1),(322,'Мирный',1),(323,'Намцы',1),(324,'Нерюнгри',1),(325,'Нюрба',1),(326,'Олекминск',1),(327,'Покровск',1),(328,'Сангар',1),(329,'Сунтар',1),(330,'Тикси',1),(331,'Усть-Мая',1),(332,'Хандыга',1),(333,'Чурапча',1),(334,'Ытык-Кюель',1),(335,'Якутск',1),(336,'Алагир',1),(337,'Ардон',1),(338,'Архонская',1),(339,'Беслан',1),(340,'Владикавказ',1),(341,'Дигора',1),(342,'Моздок',1),(343,'Октябрьское',1),(344,'Чикола',1),(345,'Эльхотово',1),(346,'Агрыз',1),(347,'Азнакаево',1),(348,'Аксубаево',1),(349,'Актаныш',1),(350,'Алексеевское',1),(351,'Алькеево',1),(352,'Альметьевск',1),(353,'Апастово',1),(354,'Арск',1),(355,'Атня',1),(356,'Бавлы',1),(357,'Балтаси',1),(358,'Богатые Сабы',1),(359,'Болгар',1),(360,'Бугульма',1),(361,'Буинск',1),(362,'Васильево',1),(363,'Верхний Услон',1),(364,'Высокая Гора',1),(365,'Дрожжаное',1),(366,'Елабуга',1),(367,'Заинск',1),(368,'Зеленодольск',1),(369,'Казань',1),(370,'Кайбицы',1),(371,'Камское Устье',1),(372,'Кукмор',1),(373,'Лаишево',1),(374,'Лениногорск',1),(375,'Мамадыш',1),(376,'Менделеевск',1),(377,'Мензелинск',1),(378,'Муслюмово',1),(379,'Набережные Челны',1),(380,'Нижнекамск',1),(381,'Новошешминск',1),(382,'Нурлаты',1),(383,'Пестрецы',1),(384,'Рыбная Слобода',1),(385,'Сарманово',1),(386,'Спасск',1),(387,'Тетюши',1),(388,'Тюлячи',1),(389,'Уруссу',1),(390,'Черемшаны',1),(391,'Чистополь',1),(392,'Кызыл',1),(393,'Алнаши',1),(394,'Завьялово',1),(395,'Киясово',1),(396,'Ува',1),(397,'Балезино',1),(398,'Игра',1),(399,'Красногорское',1),(400,'Шаркан',1),(401,'Вавож',1),(402,'Ижевск',1),(403,'Малая Пурга',1),(404,'Юкаменское',1),(405,'Воткинск',1),(406,'Камбарка',1),(407,'Можга',1),(408,'Якшур-бодья',1),(409,'Глазов',1),(410,'Каракулино',1),(411,'Сарапул	Яр',1),(412,'Грахово',1),(413,'Кез	Селты',1),(414,'Дебесы',1),(415,'Кизнер',1),(416,'Сюмси',1),(418,'Абакан',1),(419,'Аскиз',1),(420,'Белый Яр',1),(421,'Бея',1),(422,'Боград',1),(423,'Копьево',1),(424,'Саяногорск',1),(425,'Сорск',1),(426,'Таштып',1),(427,'Усть-Абакан',1),(428,'Черногорск',1),(429,'Шира',1),(430,'Аргун',1),(431,'Ачхой-Мартан',1),(432,'Ведено',1),(433,'Грозный',1),(434,'Гудермес',1),(435,'Знаменское',1),(436,'Малгобек',1),(437,'Ножай-Юрт',1),(438,'Урус-Мартан',1),(439,'Шали',1),(440,'Шатой',1),(441,'Алатырь',1),(442,'Аликово',1),(443,'Батырево',1),(444,'Вурнары',1),(445,'Ибреси',1),(446,'Канаш',1),(447,'Козловка',1),(448,'Комсомольское',1),(449,'Красноармейское',1),(450,'Красные Четаи',1),(451,'Кугеси',1),(452,'Мариинский Посад',1),(453,'Моргауши',1),(454,'Порецкое',1),(455,'Урмары',1),(456,'Цивильск',1),(457,'Чебоксары',1),(458,'Шемурша',1),(459,'Шумерля',1),(460,'Ядрин',1),(461,'Яльчики',1),(462,'Янтиково',1),(463,'Белокуриха',1),(464,'Ключи',1),(465,'Новичиха',1),(466,'Староалейское',1),(467,'Бийск',1),(468,'Косиха',1),(469,'Петропавловское',1),(470,'Троицкое',1),(471,'Благовещенка',1),(472,'Кош-Агач',1),(473,'Поспелиха',1),(474,'Тюменцево',1),(475,'Бурла',1),(476,'Красногорское',1),(477,'Ребриха',1),(478,'Угловское',1),(479,'Быстрый Исток',1),(480,'Краснощеково',1),(481,'Родино',1),(482,'Усть-Калманка',1),(483,'Волчиха',1),(484,'Крутиха',1),(485,'Романово',1),(486,'Усть-Пристань',1),(487,'Гальбштадт',1),(488,'Кулунда',1),(489,'Рубцовск',1),(490,'Хабары',1),(491,'Горняк',1),(492,'Курья',1),(493,'Славгород',1),(494,'Целинное',1),(495,'Ельцовка',1),(496,'Кытманово',1),(497,'Смоленское',1),(498,'Чарышское',1),(499,'Завьялово',1),(500,'Мамонтово',1),(501,'Советское',1),(502,'Шелаболиха',1),(503,'Залесово',1),(504,'Михайловка',1),(505,'Солонешное',1),(506,'Шипуново',1),(507,'Заринск',1),(508,'Новоалтайск',1),(509,'Солтон',1),(510,'Абинск',1),(511,'Адлер',1),(512,'Анапа',1),(513,'Апшеронск',1),(514,'Армавир',1),(515,'Аше',1),(516,'Белая Глина',1),(517,'Белореченск',1),(518,'Брюховецкая',1),(519,'Вардане',1),(520,'Выселки',1),(521,'Геленджик',1),(522,'Горячий Ключ',1),(523,'Гулькевичи',1),(524,'Динская',1),(525,'Ейск',1),(526,'Кавказская',1),(527,'Калининская',1),(528,'Каневская',1),(529,'Кореновск',1),(530,'Красноармейская',1),(531,'Краснодар',1),(532,'Кропоткин',1),(533,'Крыловская',1),(534,'Крымск',1),(535,'Кудепста',1),(536,'Курганинск',1),(537,'Кущевская',1),(538,'Лабинск',1),(539,'Ленинградская',1),(540,'Лоо',1),(541,'Мостовской',1),(542,'Новокубанск',1),(543,'Новопокровская',1),(544,'Новороссийск',1),(545,'Отрадная',1),(546,'Павловская',1),(547,'Приморско-Ахтарск',1),(548,'Приморье',1),(549,'Северская',1),(550,'Славянск-на-Кубани',1),(551,'Сочи',1),(552,'Староминская',1),(553,'Старощербиновская',1),(554,'Тбилисская',1),(555,'Темрюк',1),(556,'Тимашевск',1),(557,'Тихорецк',1),(558,'Туапсе',1),(559,'Успенское',1),(560,'Усть-Лабинск',1),(561,'Хоста',1),(562,'Абан',1),(563,'Агинское',1),(564,'Ачинск',1),(565,'Балахта',1),(566,'Березовка',1),(567,'Бирюлюсы',1),(568,'Боготол',1),(569,'Богучаны',1),(570,'Большая Мурта',1),(571,'Большой Улуй',1),(572,'Бородино',1),(573,'Дзержинск',1),(574,'Дивногорск',1),(575,'Дудинка',1),(576,'Емельяново',1),(577,'Енисейск',1),(578,'Ермаковское',1),(579,'Железногорск',1),(580,'Заозерный',1),(581,'Зеленогорск',1),(582,'Идринское',1),(583,'Иланский',1),(584,'Ирбейское',1),(585,'Казачинское',1),(586,'Канск',1),(587,'Каратузское',1),(588,'Кедровый',1),(589,'Кодинск',1),(590,'Козулька',1),(591,'Краснотуранск',1),(592,'Красноярск',1),(593,'Курагино',1),(594,'Лесосибирск',1),(595,'Минусинск',1),(596,'Назарово',1),(597,'Нижний Ингаш',1),(598,'Новобирилюссы',1),(599,'Новоселово',1),(600,'Норильск',1),(601,'Партизанское',1),(602,'Пировское',1),(603,'Рыбинск',1),(604,'Сосновоборск',1),(605,'Сухобузимское',1),(606,'Таилтып',1),(607,'Тасеево',1),(608,'Тюхтет',1),(609,'Ужур',1),(610,'Уяр',1),(611,'Шалинское',1),(612,'Шарыпово',1),(613,'Шушенское',1),(614,'Анучино',1),(615,'Арсеньев',1),(616,'Артем',1),(617,'Большой Камень',1),(618,'Владивосток',1),(619,'Владимиро-Александровское',1),(620,'Вольно-Надеждинское',1),(621,'Дальнегорск',1),(622,'Дальнереченск',1),(623,'Кавалерово',1),(624,'Камень-Рыболов',1),(625,'Кировский',1),(626,'Лазо',1),(627,'Лесозаводск',1),(628,'Лучегорск',1),(629,'Михайловка',1),(630,'Находка',1),(631,'Ольга',1),(632,'Партизанск',1),(633,'Пограничный',1),(634,'Покровка',1),(635,'Славянка',1),(636,'Спасск-Дальний',1),(637,'Терней',1),(638,'Уссурийск',1),(639,'Фокино',1),(640,'Хороль',1),(641,'Черниговка',1),(642,'Чугуевка',1),(643,'Яковлевка',1),(644,'Александровское',1),(645,'Арзгир',1),(646,'Благодарный',1),(647,'Буденновск',1),(648,'Георгиевск',1),(649,'Грачевка',1),(650,'Дивное',1),(651,'Ессентуки',1),(652,'Железноводск',1),(653,'Зеленокумск',1),(654,'Изобильный',1),(655,'Ипатово',1),(656,'Кисловодск',1),(657,'Красногвардейское',1),(658,'Курсавка',1),(659,'Левокумское',1),(660,'Лермонтов',1),(661,'Летняя Ставка',1),(662,'Минеральные Воды',1),(663,'Невинномысск',1),(664,'Нефтекумск',1),(665,'Новоалександровск',1),(666,'Новопавловск',1),(667,'Новоселицкое',1),(668,'Пятигорск',1),(669,'Светлоград',1),(670,'Ставрополь',1),(671,'Степное',1),(672,'Амурск',1),(673,'Аян',1),(674,'Бикин',1),(675,'Богородское',1),(676,'Ванино',1),(677,'Вяземский',1),(678,'Комсомольск-на-Амуре',1),(679,'Николаевск-на-Амуре',1),(680,'Охотск',1),(681,'Переяславка',1),(682,'Полина Осипенко',1),(683,'Советская Гавань',1),(684,'Солнечный',1),(685,'Троицкое',1),(686,'Хабаровск',1),(687,'Чегдомын',1),(688,'Чумикан',1),(689,'Белогорск',1),(690,'Ивановка',1),(691,'Свободный',1),(692,'Шимановск',1),(693,'Благовещенск',1),(694,'Константиновка',1),(695,'Серышево',1),(696,'Завитинск',1),(697,'Новокиевский Увал',1),(698,'Сковородино',1),(699,'Зея',1),(700,'Райчихинск',1),(701,'Тында',1),(702,'Архангельск',1),(703,'Карпогоры',1),(704,'Мезень',1),(705,'Онега',1),(706,'Березник',1),(707,'Коноша',1),(708,'Мирный',1),(709,'Плесецк',1),(710,'Вельск',1),(711,'Коряжма',1),(712,'Нарьян-Мар',1),(713,'Северодвинск',1),(714,'Верхняя Тойма',1),(715,'Котлас',1),(716,'Новодвинск',1),(717,'Холмогоры',1),(718,'Ильинско-Подомское',1),(719,'Красноборск',1),(720,'Няндома',1),(721,'Шенкурск',1),(722,'Каргополь',1),(723,'Лешуконское',1),(724,'Октябрьский',1),(725,'Яренск',1),(726,'Астрахань',1),(727,'Енотаевка',1),(728,'Камызяк',1),(729,'Началово',1),(730,'Ахтубинск-1',1),(731,'Знаменск',1),(732,'Лиман',1),(733,'Харабали',1),(734,'Володарский',1),(735,'Икряное',1),(736,'Нариманов',1),(737,'Черный Яр',1),(738,'Алексеевка',1),(739,'Волоконовка',1),(740,'Красногвардейское',1),(741,'Ровеньки',1),(742,'Белгород',1),(743,'Грайворон',1),(744,'Красное',1),(745,'Старый Оскол',1),(746,'Борисовка',1),(747,'Губкин',1),(748,'Новый Оскол',1),(749,'Строитель',1),(750,'Валуйки',1),(751,'Ивня',1),(752,'Прохоровка',1),(753,'Чернянка',1),(754,'Вейделевка',1),(755,'Короча',1),(756,'Ракитное',1),(757,'Шебекино',1),(758,'Брянск',1),(759,'Злынка',1),(760,'Локоть',1),(761,'Севск',1),(762,'Выгоничи',1),(763,'Карачев',1),(764,'Мглин',1),(765,'Стародуб',1),(766,'Гордеевка',1),(767,'Клетня',1),(768,'Навля',1),(769,'Суземка',1),(770,'Дубровка',1),(771,'Климово',1),(772,'Новозыбков',1),(773,'Сураж',1),(774,'Дятьково',1),(775,'Клинцы',1),(776,'Погар',1),(777,'Трубачевск',1),(778,'Жиратино',1),(779,'Комаричи',1),(780,'Почеп',1),(781,'Унеча',1),(782,'Жуковка',1),(783,'Красная Горка',1),(784,'Рогнедино',1),(785,'Александров',1),(786,'Киржач',1),(787,'Муром',1),(788,'Суздаль',1),(789,'Владимир',1),(790,'Ковров',1),(791,'Петушки',1),(792,'Юрьев-Польский',1),(793,'Гороховец',1),(794,'Кольчугино',1),(795,'Радужный	',1),(796,'Гусь Хрустальный',1),(797,'Красная Горбатка',1),(798,'Собинка',1),(799,'Камешково',1),(800,'Меленки',1),(801,'Судогда',1),(802,'Волгоград',1),(803,'Бабаево',1),(804,'Белозерск',1),(805,'Великий Устюг',1),(806,'Верховажье',1),(807,'Вожега',1),(808,'Вологда',1),(809,'Вытегра',1),(810,'Грязовец',1),(811,'Кадуй',1),(812,'Кириллов',1),(813,'Кичменгский Городок',1),(814,'Липин Бор',1),(815,'Никольск',1),(816,'Нюксеница',1),(817,'Село Им. Бабушкина',1),(818,'Сокол',1),(819,'Сямжа',1),(820,'Тарногский Городок',1),(821,'Тотьма',1),(822,'Устье',1),(823,'Устюжна',1),(824,'Харовск',1),(825,'Чагода',1),(826,'Череповец',1),(827,'Шексна',1),(828,'Шуйское',1),(829,'Анна',1),(830,'Бобров',1),(831,'Богучар',1),(832,'Борисоглебск',1),(833,'Бутурлиновка',1),(834,'Верхний Мамон',1),(835,'Верхняя Хава',1),(836,'Воробьевка',1),(837,'Воронеж',1),(838,'Грибановский',1),(839,'Калач',1),(840,'Каменка',1),(841,'Кантемировка',1),(842,'Каширское',1),(843,'Лиски',1),(844,'Нижнедевицк',1),(845,'Новая Усмань',1),(846,'Нововоронеж',1),(847,'Новохоперск',1),(848,'Ольховатка',1),(849,'Острогожск',1),(850,'Павловск',1),(851,'Панино',1),(852,'Петропавловка',1),(853,'Поворино',1),(854,'Подгоренский',1),(855,'Рамонь',1),(856,'Репьевка',1),(857,'Россошь',1),(858,'Семилуки',1),(859,'Таловая',1),(860,'Терновка',1),(861,'Хохольский',1),(862,'Эртиль',1),(863,'Верхний Ландех',1),(864,'Вичуга',1),(865,'Гаврилов Посад',1),(866,'Иваново',1),(867,'Ильинское-Хованское',1),(868,'Кинешма',1),(869,'Комсомольск',1),(870,'Лежнево',1),(871,'Палех',1),(872,'Пестяки',1),(873,'Приволжск',1),(874,'Пучеж',1),(875,'Родники',1),(876,'Савино',1),(877,'Тейково',1),(878,'Фурманов',1),(879,'Шуя',1),(880,'Южа',1),(881,'Юрьевич',1),(882,'Ангарск',1),(883,'Братск',1),(884,'Железногорск-Илимский',1),(885,'Залари',1),(886,'Зима',1),(887,'Иркутск',1),(888,'Казачинское',1),(889,'Киренск',1),(890,'Новонукутский',1),(891,'Тайшет',1),(892,'Усолье-Сибирское',1),(893,'Усть-Илимск',1),(894,'Усть-Кут',1),(895,'Усть-Уда',1),(896,'Черемхово',1),(897,'Чунский',1),(898,'Шелехов',1),(899,'Авангардное',1),(900,'Акулово',1),(901,'Алеевка',1),(902,'Александровка',1),(903,'Бабушкино',1),(904,'Багратионово',1),(905,'Багратионовск',1),(906,'Балтийск',1),(907,'Береговое',1),(908,'Березовка',1),(909,'Ближнее',1),(910,'Богатово',1),(911,'Большаково',1),(912,'Большая Поляна',1),(913,'Большие Горки',1),(914,'Большое село',1),(915,'Борское',1),(916,'Брянское',1),(917,'Васильково',1),(918,'Великолукское',1),(919,'Верний бисер',1),(920,'Весново',1),(921,'Взморье',1),(922,'Вишневка',1),(923,'Вишневское',1),(924,'Вишневый',1),(925,'Владимирово',1),(926,'Володаровка',1),(927,'Волочаевское',1),(928,'Воробьево',1),(929,'Восод',1),(930,'Высокое',1),(931,'Гаврилово',1),(932,'Гастеллово',1),(933,'Гвардейск',1),(934,'Гвардейское',1),(935,'Георгиевское',1),(936,'Глушково',1),(937,'Головкино',1),(938,'Гордое',1),(939,'Грибки',1),(940,'Громово',1),(941,'Гурьевск',1),(942,'Гусев',1),(943,'Гусево',1),(944,'Дворкино',1),(945,'Демидово',1),(946,'Доброволец',1),(947,'Добровольск',1),(948,'Доваторовка',1),(949,'Долгоруково',1),(950,'Домново',1),(951,'Дорожное',1),(952,'Дружба',1),(953,'Дубровка',1),(954,'Дунаевка',1),(955,'Еловое',1),(956,'Ельники',1),(957,'Ельняки',1),(958,'Ермаково',1),(959,'Ершово',1),(960,'Жаворонково',1),(961,'Железнодорожный',1),(962,'Желудево',1),(963,'Жилино',1),(964,'Журавлевка',1),(965,'Забарье',1),(966,'Загородный',1),(967,'Загорское',1),(968,'Зайцево',1),(969,'Залесье',1),(970,'Заливино',1),(971,'Заливное',1),(972,'Заовражное',1),(973,'Заозерье',1),(974,'Заостровье',1),(975,'Западный',1),(976,'Заповедное',1),(977,'Заречное',1),(978,'Заречье',1),(979,'Звеньевое',1),(980,'Зверево',1),(981,'Зеленоградск',1),(982,'Зеленое',1),(983,'Знаменка',1),(984,'Знаменск',1),(985,'Зорино',1),(986,'Извилино',1),(987,'Изобильное',1),(988,'Ильичевка',1),(989,'Ильичевка',1),(990,'Илюшино',1),(991,'Исаково',1),(992,'Истровка',1),(993,'Калининград',1),(994,'Калинино',1),(995,'Калининское',1),(996,'Калинково',1),(997,'Калиновка',1),(998,'Калужское',1),(999,'Каменское',1),(1000,'Канаш',1),(1001,'Карамышево',1),(1002,'Каштановка',1),(1003,'Каштаново',1),(1004,'Каштаново',1),(1005,'Кирова',1),(1006,'Кленовое',1),(1007,'Климовка',1),(1008,'Коврово',1),(1009,'Колосовка',1),(1010,'Комсомольск',1),(1011,'Константиновка',1),(1012,'Корнево',1),(1013,'Короленково',1),(1014,'Кострово',1),(1015,'Костромино',1),(1016,'Костюковка',1),(1017,'Краснознаменск',1),(1018,'Краснолесье',1),(1019,'Красноолмский',1),(1020,'Краснополье',1),(1021,'Краснополянское',1),(1022,'Красноторовка',1),(1023,'Краснофлотское',1),(1024,'Красноярское',1),(1025,'Красный Бор',1),(1026,'Кромы',1),(1027,'Кругловка',1),(1028,'Крылово',1),(1029,'Кубановка',1),(1030,'Куйбышевское',1),(1031,'Кумачово',1),(1032,'Курортное',1),(1033,'Ладушкин',1),(1034,'Левобережное',1),(1035,'Лермонтово',1),(1036,'Линево',1),(1037,'Липняки',1),(1038,'Липовка',1),(1039,'Липово',1),(1040,'Ломово',1),(1041,'Ломоносовка',1),(1042,'Лужки',1),(1043,'Львовское',1),(1044,'Маевка',1),(1045,'Майское',1),(1046,'Малиники',1),(1047,'Малиновка',1),(1048,'Маломожайское',1),(1049,'Малые Горки',1),(1050,'Мальцево',1),(1051,'Мамоново',1),(1052,'Маршальское',1),(1053,'Марьино',1),(1054,'Матросово',1),(1055,'Маяковское',1),(1056,'Медовое',1),(1057,'Междуречье',1),(1058,'Мельниково',1),(1059,'Менделеево',1),(1060,'Миайлово',1),(1061,'Мичуринский',1),(1062,'Мозырь',1),(1063,'Моргуново',1),(1064,'Мордовское',1),(1065,'Муромское',1),(1066,'Мысовка',1),(1067,'Нагорное',1),(1068,'Надеждино',1),(1069,'Наимово',1),(1070,'Невское',1),(1071,'Некрасово',1),(1072,'Некрасово',1),(1073,'Неман',1),(1074,'Неманское',1),(1075,'Нестеров',1),(1076,'Нива',1),(1077,'Нивенское',1),(1078,'Низовье',1),(1079,'Нилово',1),(1080,'Новая деревня',1),(1081,'Новобобруйск',1),(1082,'Новогурьевское',1),(1083,'Новоколозное',1),(1084,'Новомосковский',1),(1085,'Новомосковское',1),(1086,'Новоселово',1),(1087,'Новостроево',1),(1088,'Новостроево',1),(1089,'Новостройка',1),(1090,'Овражье',1),(1091,'Озерск',1),(1092,'Олеово',1),(1093,'Ольоватка',1),(1094,'Ольовка',1),(1095,'Оотное',1),(1096,'Ореовка',1),(1097,'Орловка',1),(1098,'Осиновка',1),(1099,'Островское',1),(1100,'Острогожское',1),(1101,'Отрадное',1),(1102,'Партизанское',1),(1103,'Пеньки',1),(1104,'Первомайское',1),(1105,'Первомайское',1),(1106,'Переславское',1),(1107,'Песочное',1),(1108,'Петино',1),(1109,'Петрово',1),(1110,'Пионерский',1),(1111,'Победино',1),(1112,'Поваровка',1),(1113,'Пограничный',1),(1114,'Подгорное',1),(1115,'Подгоровка',1),(1116,'Поддубное',1),(1117,'Поддубное',1),(1118,'Поддубы',1),(1119,'Поддубье',1),(1120,'Подлипово',1),(1121,'Покрышкино',1),(1122,'Полесск',1),(1123,'Полтавское',1),(1124,'Поречье',1),(1125,'Правдино',1),(1126,'Правдинск',1),(1127,'Прибрежное',1),(1128,'Привольное',1),(1129,'Пригородное',1),(1130,'Пригородное',1),(1131,'Придорожное',1),(1132,'Придорожное',1),(1133,'Приморск',1),(1134,'Приморье',1),(1135,'Приозерное',1),(1136,'Приозерное',1),(1137,'Проладное',1),(1138,'Прооровка',1),(1139,'Прудное',1),(1140,'Пруды',1),(1141,'Пятидорожное',1),(1142,'Разино',1),(1143,'Ракитино',1),(1144,'Рассвет',1),(1145,'Ржевское',1),(1146,'Ровное',1),(1147,'Родники',1),(1148,'Романово',1),(1149,'Россия',1),(1150,'Рощино',1),(1151,'Рощино',1),(1152,'Ручьи',1),(1153,'Рыбачий',1),(1154,'Рыбкино',1),(1155,'Рябиновка',1),(1156,'Садовое',1),(1157,'Садовое',1),(1158,'Саранское',1),(1159,'Светлогорск',1),(1160,'Светлый',1),(1161,'Свобода',1),(1162,'Северный',1),(1163,'Севское',1),(1164,'Семеново',1),(1165,'Славинск',1),(1166,'Славск',1),(1167,'Славское',1),(1168,'Славяновка',1),(1169,'Славянское',1),(1170,'Советск',1),(1171,'Совозное',1),(1172,'Совозный',1),(1173,'Сокольники',1),(1174,'Солдатово',1),(1175,'Соловьево',1),(1176,'Солонцы',1),(1177,'Сопкино',1),(1178,'Стройный',1),(1179,'Суворовка',1),(1180,'Суворово',1),(1181,'Талпаки',1),(1182,'Тимирязево',1),(1183,'Тимофеевка',1),(1184,'Тимофеево',1),(1185,'Тишино',1),(1186,'Тростники',1),(1187,'Тумановка',1),(1188,'Тургенево',1),(1189,'Тюленино',1),(1190,'Узловое',1),(1191,'Ульяново',1),(1192,'Ушаковка',1),(1193,'Ушаково',1),(1194,'Февральское',1),(1195,'Федотово',1),(1196,'Филипповка',1),(1197,'Фрунзенское',1),(1198,'Фурмановка',1),(1199,'Фурманово',1),(1200,'Хлебниково',1),(1201,'Холмогоровка',1),(1202,'Холмогорье',1),(1203,'Холмы',1),(1204,'Чайкино',1),(1205,'Чеово',1),(1206,'Черемуино',1),(1207,'Чернышевское',1),(1208,'Черняховск',1),(1209,'Чистополье',1),(1210,'Чистые пруды',1),(1211,'Шевченко',1),(1212,'Широкое',1),(1213,'Шолоово',1),(1214,'Шоссейный',1),(1215,'Щегловка',1),(1216,'Щеглы',1),(1217,'Юдино',1),(1218,'Южный',1),(1219,'Яблоновка',1),(1220,'Ягодное',1),(1221,'Янтарный',1),(1222,'Ярки',1),(1223,'Яровое',1),(1224,'Ярославское',1),(1225,'Ясеньское',1),(1226,'Ясная поляна',1),(1227,'Ясное',1),(1228,'Бабынино',1),(1229,'Балабаново',1),(1230,'Боровск',1),(1231,'Думиничи',1),(1232,'Жиздра',1),(1233,'Жуково',1),(1234,'Калуга',1),(1235,'Киров',1),(1236,'Козельск',1),(1237,'Кондрово',1),(1238,'Людиново',1),(1239,'Малоярославец',1),(1240,'Медынь',1),(1241,'Мещовск',1),(1242,'Мосальск',1),(1243,'Обнинск',1),(1244,'Перемышль',1),(1245,'Спас-Деменск',1),(1246,'Сухиничи',1),(1247,'Таруса',1),(1248,'Ульяново',1),(1249,'Ферзиково',1),(1250,'Хвастовичи',1),(1251,'Юхнов',1),(1252,'Ачайваям',1),(1253,'Вилючинск',1),(1254,'Вилючинск-3',1),(1255,'Елизово',1),(1256,'Каменское',1),(1257,'Ключи',1),(1258,'Корф',1),(1259,'Мильково',1),(1260,'Оссора',1),(1261,'Палана',1),(1262,'Пахачи',1),(1263,'Петропавловск-Камчатский',1),(1264,'Соболево',1),(1265,'Средние Пахачи',1),(1266,'Тигиль',1),(1267,'Тиличики',1),(1268,'Усть-Большерецк',1),(1269,'Усть-Камчатск',1),(1270,'Усть-Хайрюзово',1),(1271,'Эссо',1),(1272,'Анжеро-Судженск',1),(1273,'Белово',1),(1274,'Березовский',1),(1275,'Верх-Чебула',1),(1276,'Гурьевск',1),(1277,'Ижморский',1),(1278,'Кемерово',1),(1279,'Киселевск',1),(1280,'Крапивинский',1),(1281,'Ленинск-Кузнецкий',1),(1282,'Мариинск',1),(1283,'Междуреченск',1),(1284,'Мыски',1),(1285,'Новокузнецк',1),(1286,'Осинники',1),(1287,'Прокопьевск',1),(1288,'Промышленная',1),(1289,'Тайга',1),(1290,'Таштагол',1),(1291,'Тисуль',1),(1292,'Топки',1),(1293,'Тяжинский',1),(1294,'Юрга',1),(1295,'Яшкино',1),(1296,'Яя',1),(1297,'Арбаж',1),(1298,'Белая Холуница',1),(1299,'Богородское',1),(1300,'Верхошижемье',1),(1301,'Вятские Поляны',1),(1302,'Даровский',1),(1303,'Зуевка',1),(1304,'Кикнур',1),(1305,'Кильмезь',1),(1306,'Киров',1),(1307,'Кирово-Чепецк',1),(1308,'Кирс',1),(1309,'Котельнич',1),(1310,'Кумены',1),(1311,'Лебяжье',1),(1312,'Ленинское',1),(1313,'Луза',1),(1314,'Малмыж',1),(1315,'Мураши',1),(1316,'Нагорск',1),(1317,'Нема',1),(1318,'Нолинск',1),(1319,'Омутнинск',1),(1320,'Опарино',1),(1321,'Оричи',1),(1322,'Орлов',1),(1323,'Пижанка',1),(1324,'Подосиновец',1),(1325,'Санчурск',1),(1326,'Свеча',1),(1327,'Слободской',1),(1328,'Советск',1),(1329,'Суна',1),(1330,'Тужа',1),(1331,'Уни',1),(1332,'Уржум',1),(1333,'Фаленки',1),(1334,'Юрья',1),(1335,'Яранск',1),(1336,'Антропово',1),(1337,'Боговарово',1),(1338,'Буй',1),(1339,'Волгореченск',1),(1340,'Вохма',1),(1341,'Галич',1),(1342,'Георгиевское',1),(1343,'Кадый',1),(1344,'Кологрив',1),(1345,'Кострома',1),(1346,'Красное-на-Волге',1),(1347,'Макарьев',1),(1348,'Мантурово',1),(1349,'Нерехта',1),(1350,'Нея',1),(1351,'Островское',1),(1352,'Павино',1),(1353,'Парфеньево',1),(1354,'Поназырево',1),(1355,'Пыщуг',1),(1356,'Солигалич',1),(1357,'Судиславль',1),(1358,'Сусанино',1),(1359,'Чухлома',1),(1360,'Шарья',1),(1361,'Альменево',1),(1362,'Белозерское',1),(1363,'Варгаши',1),(1364,'Глядянское',1),(1365,'Далматово',1),(1366,'Звериноголовское',1),(1367,'Каргаполье',1),(1368,'Катайск',1),(1369,'Кетово',1),(1370,'Курган',1),(1371,'Куртамыш',1),(1372,'Лебяжье',1),(1373,'Макушино',1),(1374,'Мишкино',1),(1375,'Мокроусово',1),(1376,'Петухово',1),(1377,'Половинное',1),(1378,'Сафакулево',1),(1379,'Целинное',1),(1380,'Частоозерье',1),(1381,'Шадринск',1),(1382,'Шатрово',1),(1383,'Шумиха',1),(1384,'Щучье',1),(1385,'Юргамыш',1),(1386,'Белая',1),(1387,'Большое Солдатское',1),(1388,'Глушково',1),(1389,'Горшечное',1),(1390,'Дмитриев-Льговский',1),(1391,'Железногорск',1),(1392,'Золотухино',1),(1393,'Касторное',1),(1394,'Конышевка',1),(1395,'Коренево',1),(1396,'Курск',1),(1397,'Курчатов',1),(1398,'Кшенский',1),(1399,'Льгов',1),(1400,'Мантурово',1),(1401,'Медвенка',1),(1402,'Обоянь',1),(1403,'Поныри',1),(1404,'Пристень',1),(1405,'Прямицыно',1),(1406,'Рыльск',1),(1407,'Солнцево',1),(1408,'Суджа',1),(1409,'Тим',1),(1410,'Фатеж',1),(1411,'Хомутивка',1),(1412,'Черемисиново',1),(1413,'Щигры',1),(1414,'Бокситогорск',1),(1415,'Волосово',1),(1416,'Волхов',1),(1417,'Всеволожск',1),(1418,'Выборг',1),(1419,'Гатчина',1),(1420,'Кингесепп',1),(1421,'Кириши',1),(1422,'Кировск',1),(1423,'Лодейное Поле',1),(1424,'Ломоносов',1),(1425,'Луга',1),(1426,'Пикалево',1),(1427,'Подпорожье',1),(1428,'Приозерск',1),(1430,'Сланцы',1),(1431,'Сосновый Бор',1),(1432,'Тихвин',1),(1433,'Тосно',1),(1434,'Волово',1),(1435,'Грязи',1),(1436,'Данков',1),(1437,'Добринка',1),(1438,'Доброе',1),(1439,'Долгоруково',1),(1440,'Елец',1),(1441,'Задонск',1),(1442,'Измалково',1),(1443,'Красное',1),(1444,'Лебедянь',1),(1445,'Лев Толстой',1),(1446,'Липецк',1),(1447,'Становое',1),(1448,'Тербуны',1),(1449,'Усмань',1),(1450,'Хлевное',1),(1451,'Чаплыгин',1),(1452,'Магадан',1),(1453,'Омсукчан',1),(1454,'Палатка',1),(1455,'Сеймчан',1),(1456,'Сусуман',1),(1457,'Усть-Омчуг',1),(1458,'Волоколамск',1),(1459,'Воскресенск',1),(1460,'Голицыно',1),(1461,'Дмитров',1),(1462,'Домодедово',1),(1463,'Дубна',1),(1464,'Егорьевск',1),(1465,'Жуковский',1),(1466,'Зарайск',1),(1467,'Звенигород',1),(1468,'Истра',1),(1469,'Клин',1),(1470,'Коломна',1),(1471,'Лотошино',1),(1472,'Луховицы',1),(1473,'Можайск',1),(1475,'Наро-Фоминск',1),(1476,'Ногинск',1),(1477,'Озеры',1),(1478,'Орехово-Зуево',1),(1479,'Павловский Посад',1),(1480,'Подольск',1),(1481,'Пушкино',1),(1482,'Раменское',1),(1483,'Руза',1),(1484,'Сергиев Посад',1),(1485,'Серебрянные Пруды',1),(1486,'Серпухов',1),(1487,'Солнечногорск',1),(1488,'Ступино',1),(1489,'Талдом',1),(1490,'Троицк',1),(1491,'Черноголовка',1),(1492,'Чехов',1),(1493,'Шатура',1),(1494,'Шаховская',1),(1495,'Щелково',1),(1496,'Электросталь',1),(1497,'Апатиты',1),(1498,'Заозерск',1),(1499,'Заполярный',1),(1500,'Кандалакша',1),(1501,'Кировск',1),(1502,'Ковдор',1),(1503,'Кола',1),(1504,'Ловозеро',1),(1505,'Мончегорск',1),(1506,'Мурманск',1),(1507,'Никель',1),(1508,'Оленегорск',1),(1509,'Полярные Зори',1),(1510,'Полярный',1),(1511,'Североморск',1),(1512,'Скалистый',1),(1513,'Снежногрск',1),(1514,'Умба',1),(1515,'Ардатов',1),(1516,'Арзамас',1),(1517,'Балахна',1),(1518,'Богородск',1),(1519,'Большое Болдино',1),(1520,'Большое Мурашкино',1),(1521,'Бор',1),(1522,'Бутурлино',1),(1523,'Вад',1),(1524,'Варнавино',1),(1525,'Вача',1),(1526,'Ветлуга',1),(1527,'Вознесенское',1),(1528,'Воротынец',1),(1529,'Воскресенское',1),(1530,'Выкса',1),(1531,'Гагино',1),(1532,'Городец',1),(1533,'Дальнее Константиново',1),(1534,'Дзержинск',1),(1535,'Дивеево',1),(1536,'Заволжье',1),(1537,'Княгинино',1),(1538,'Ковернино',1),(1539,'Красные Баки',1),(1540,'Кстово',1),(1541,'Кулебаки',1),(1542,'Лукоянов',1),(1543,'Лысково',1),(1544,'Навашино',1),(1545,'Нижний Новгород',1),(1546,'Павлово',1),(1547,'Первомайск',1),(1548,'Перевоз',1),(1549,'Пильна',1),(1550,'Починки',1),(1551,'Саров',1),(1552,'Семенов',1),(1553,'Сергач',1),(1554,'Сеченово',1),(1555,'Сосновское',1),(1556,'Спасское',1),(1557,'Тонкино',1),(1558,'Уразовка',1),(1559,'Урень',1),(1560,'Чкаловск',1),(1561,'Шаранга',1),(1562,'Шатки',1),(1563,'Шахунья',1),(1564,'Батецкий',1),(1565,'Боровичи',1),(1566,'Валдай',1),(1567,'Великий Новгород',1),(1568,'Волот',1),(1569,'Демянск',1),(1570,'Крестцы',1),(1571,'Любытино',1),(1572,'Малая Вишера',1),(1573,'Марево',1),(1574,'Мошенское',1),(1575,'Окуловка',1),(1576,'Парфино',1),(1577,'Пестово',1),(1578,'Поддорье',1),(1579,'Сольцы',1),(1580,'Старая Русса',1),(1581,'Хвойная',1),(1582,'Холм',1),(1583,'Чудово',1),(1584,'Шимск',1),(1585,'Баган',1),(1586,'Барабинск',1),(1587,'Бердск',1),(1588,'Болотное',1),(1589,'Венгерово',1),(1590,'Довольное',1),(1591,'Здвинск',1),(1592,'Искитим',1),(1593,'Карасук',1),(1594,'Каргат',1),(1595,'Колывань',1),(1596,'Коченево',1),(1597,'Кочки',1),(1598,'Краснозерское',1),(1599,'Куйбышев',1),(1600,'Купино',1),(1601,'Кыштовка',1),(1602,'Маслянино',1),(1603,'Мошково',1),(1604,'Новосибирск',1),(1605,'Обь',1),(1606,'Ордынское',1),(1607,'Северное',1),(1608,'Сузун',1),(1609,'Татарск',1),(1610,'Тогучин',1),(1611,'Убинское',1),(1612,'Усть-Тарка',1),(1613,'Чаны',1),(1614,'Черепаново',1),(1615,'Чистоозерное',1),(1616,'Чулым',1),(1617,'Азово',1),(1618,'Большеречье',1),(1619,'Большие Уки',1),(1620,'Горьковское',1),(1621,'Знаменское',1),(1622,'Исилькуль',1),(1623,'Калачинск',1),(1624,'Колосовка',1),(1625,'Кормиловка',1),(1626,'Крутинка',1),(1627,'Любинский',1),(1628,'Марьяновка',1),(1629,'Москаленки',1),(1630,'Муромцево',1),(1631,'Называевск',1),(1632,'Нижняя Омка',1),(1633,'Нововаршавка',1),(1634,'Одесское',1),(1635,'Оконешниково',1),(1636,'Омск',1),(1637,'Павлоградка',1),(1638,'Полтавка',1),(1639,'Русская Поляна',1),(1640,'Саргатское',1),(1641,'Седельниково',1),(1642,'Таврическое',1),(1643,'Тара',1),(1644,'Тевриз',1),(1645,'Тюкалинск',1),(1646,'Усть-Ишим',1),(1647,'Черлак',1),(1648,'Шербакуль',1),(1649,'Абдулино',1),(1650,'Адамовка',1),(1651,'Акбулак',1),(1652,'Александровка',1),(1653,'Асекеево',1),(1654,'Беляевка',1),(1655,'Бугуруслан',1),(1656,'Бузулук',1),(1657,'Гай',1),(1658,'Грачевка',1),(1659,'Домбаровский',1),(1660,'Илек',1),(1661,'Кваркено',1),(1662,'Кувандык',1),(1663,'Курманаевка',1),(1664,'Матвеевка',1),(1665,'Медногорск',1),(1666,'Новоорск',1),(1667,'Новосергиевка',1),(1668,'Новотроицк',1),(1669,'Октябрьское',1),(1670,'Оренбург',1),(1671,'Орск',1),(1672,'Первомайский',1),(1673,'Переволоцкий',1),(1674,'Плешаново',1),(1675,'Пономаревка',1),(1676,'Сакмара',1),(1677,'Саракташ',1),(1678,'Светлый',1),(1679,'Северное',1),(1680,'Соль-Илецк',1),(1681,'Сорочинск',1),(1682,'Ташла',1),(1683,'Тоцкое',1),(1684,'Тюльган',1),(1685,'Шарлык',1),(1686,'Ясный',1),(1687,'Болхов',1),(1688,'Верховье',1),(1689,'Глазуновка',1),(1690,'Дмитровск-Орловский',1),(1691,'Залегощь',1),(1692,'Змиевка',1),(1693,'Знаменское',1),(1694,'Колпна',1),(1695,'Кромы',1),(1696,'Ливны',1),(1697,'Малоархангельское',1),(1698,'Мценск',1),(1699,'Нарышкино',1),(1700,'Орел',1),(1701,'Покровское',1),(1702,'Тросна',1),(1703,'Башмаково',1),(1704,'Беднодемьяновск',1),(1705,'Беково',1),(1706,'Белинский',1),(1707,'Бессоновка',1),(1708,'Вадинск',1),(1709,'Городище',1),(1710,'Земетчино',1),(1711,'Исса',1),(1712,'Каменка',1),(1713,'Колышлей',1),(1714,'Кондоль',1),(1715,'Кузнецк',1),(1716,'Лопатино',1),(1717,'Лунино',1),(1718,'Малая Сердоба',1),(1719,'Мокшан',1),(1720,'Наровчат',1),(1721,'Неверкино',1),(1722,'Нижний Ломов',1),(1723,'Никольск',1),(1724,'Пачелма',1),(1725,'Пенза',1),(1726,'Русский Камешкир',1),(1727,'Сердобск',1),(1728,'Сосновоборск',1),(1729,'Тамала',1),(1730,'Шемышейка',1),(1731,'Октябрьский',1),(1732,'Александровск',1),(1733,'Барда',1),(1734,'Березники',1),(1735,'Березовка',1),(1736,'Большая Соснова',1),(1737,'Верещагино',1),(1738,'Горнозаводск',1),(1739,'Гремячинск',1),(1740,'Губаха',1),(1741,'Добрянка',1),(1742,'Елово',1),(1743,'Звездный',1),(1744,'Ильинский',1),(1745,'Карагай',1),(1746,'Кизел',1),(1747,'Красновишерск',1),(1748,'Краснокамск',1),(1749,'Кудымкар',1),(1750,'Куеда',1),(1751,'Кунгур',1),(1752,'Лысьва',1),(1753,'Нытва',1),(1754,'Орда',1),(1755,'Оса',1),(1756,'Оханск',1),(1757,'Очер',1),(1758,'Пермь',1),(1759,'Сива',1),(1760,'Соликамск',1),(1761,'Суксун',1),(1762,'Уинское',1),(1763,'Усолье',1),(1764,'Усть-Кишерть',1),(1765,'Чайковский',1),(1766,'Частые',1),(1767,'Чердынь',1),(1768,'Чернушка',1),(1769,'Чусовой',1),(1770,'Бежаницы',1),(1771,'Великие Луки',1),(1772,'Гдов',1),(1773,'Дедовичи',1),(1774,'Дно',1),(1775,'Красногородское',1),(1776,'Кунья',1),(1777,'Локня',1),(1778,'Невель',1),(1779,'Новоржев',1),(1780,'Новосокольники',1),(1781,'Опочка',1),(1782,'Остров',1),(1783,'Палкино',1),(1784,'Печоры',1),(1785,'Плюсса',1),(1786,'Порхов',1),(1787,'Псков',1),(1788,'Пустошка',1),(1789,'Пушкинские Горы',1),(1790,'Пыталово',1),(1791,'Себеж',1),(1792,'Струги-Красные',1),(1793,'Усвяты',1),(1794,'Азов',1),(1795,'Аксай',1),(1796,'Багаевский',1),(1797,'Батайск',1),(1798,'Белая Калитва',1),(1799,'Боковская',1),(1800,'Большая Мартыновка',1),(1801,'Веселый',1),(1802,'Вешенская',1),(1803,'Волгодонск',1),(1804,'Гуково',1),(1805,'Донецк',1),(1806,'Дубовское',1),(1807,'Егорлыкская',1),(1808,'Заветное',1),(1809,'Зерноград',1),(1810,'Зимовники',1),(1811,'Кагальницкая',1),(1812,'Каменоломни',1),(1813,'Каменск-Шахтинский',1),(1814,'Кашары',1),(1815,'Константиновск',1),(1816,'Красный Сулин',1),(1817,'Куйбышево',1),(1818,'Мартыновка',1),(1819,'Матвеев Курган',1),(1820,'Миллерово',1),(1821,'Милютинская',1),(1822,'Морозовск',1),(1823,'Новочеркасск',1),(1824,'Новошахтинск',1),(1825,'Обливская',1),(1826,'Орловский',1),(1827,'Песчанокопск',1),(1828,'Покровское',1),(1829,'Пролетарск',1),(1830,'Ремонтное',1),(1831,'Родионово-Несветайская',1),(1832,'Романовская',1),(1833,'Ростов-на-Дону',1),(1834,'Сальск',1),(1835,'Семикаракорск',1),(1836,'Таганрог',1),(1837,'Тарасовский',1),(1838,'Тацинский',1),(1839,'Усть-Донецкий',1),(1840,'Целина',1),(1841,'Цимлянск',1),(1842,'Чалтырь',1),(1843,'Чертково',1),(1844,'Шахты',1),(1845,'Александро-Невский',1),(1846,'Ермишь',1),(1847,'Кадом',1),(1848,'Караблино',1),(1849,'Касимов',1),(1850,'Милославское',1),(1851,'Михайлов',1),(1852,'Новомичуринск',1),(1853,'Пителино',1),(1854,'Пронск',1),(1855,'Путятино',1),(1856,'Рыбное',1),(1857,'Ряжск',1),(1858,'Рязань',1),(1859,'Сапожок',1),(1860,'Сасово',1),(1861,'Скопин',1),(1862,'Солотча',1),(1863,'Спас-Клепики',1),(1864,'Спасск-Рязанский',1),(1865,'Старожилово',1),(1866,'Ухолово',1),(1867,'Чучково',1),(1868,'Шацк',1),(1869,'Шилово',1),(1870,'Алексеевка',1),(1871,'Безенчук',1),(1872,'Большая Глушица',1),(1873,'Большая Черниговка',1),(1874,'Борское',1),(1875,'Жигулевск',1),(1876,'Исаклы',1),(1877,'Кинель',1),(1878,'Кинель-Черкасы',1),(1879,'Клявлино',1),(1880,'Кошки',1),(1881,'Красноармейское',1),(1882,'Красный Яр',1),(1883,'Нефтегорск',1),(1884,'Новокуйбышевск',1),(1885,'Октябрьск',1),(1886,'Отрадный',1),(1887,'Пестровка',1),(1888,'Похвистнево',1),(1889,'Приволжье',1),(1890,'Самара',1),(1891,'Сергиевск',1),(1892,'Сызрань',1),(1893,'Тольятти',1),(1894,'Чапаевск',1),(1895,'Челно-Вершины',1),(1896,'Шентала',1),(1897,'Александров Гай',1),(1898,'Аркадак',1),(1899,'Аткарск',1),(1900,'Базарный Карабулак',1),(1901,'Балаково',1),(1902,'Балашов',1),(1903,'Балтай',1),(1904,'Вольск',1),(1905,'Воскресенское',1),(1906,'Горный',1),(1907,'Дергачи',1),(1908,'Духовницкое',1),(1909,'Екатериновка',1),(1910,'Ершов',1),(1911,'Ивантеевка',1),(1912,'Калининск',1),(1913,'Красноармейск',1),(1914,'Красный Кут',1),(1915,'Лысые Горы',1),(1916,'Маркс',1),(1917,'Мокроус',1),(1918,'Новоузенск',1),(1919,'Новые Бурасы',1),(1920,'Озинки',1),(1921,'Перелюб',1),(1922,'Петровск',1),(1923,'Питерка',1),(1924,'Пугачев',1),(1925,'Ровное',1),(1926,'Романовка',1),(1927,'Ртищево',1),(1928,'Самойловка',1),(1929,'Саратов',1),(1930,'Степное',1),(1931,'Татищево',1),(1932,'Турки',1),(1933,'Хвалынск',1),(1934,'Энгельс',1),(1935,'Макаров',1),(1936,'Южно-Сахалинск',1),(1937,'Алапаевск',1),(1938,'Артемовский',1),(1939,'Арти',1),(1940,'Асбест',1),(1941,'Ачит',1),(1942,'Байкалово',1),(1943,'Белоярский',1),(1944,'Березовский',1),(1945,'Богданович',1),(1946,'Верхняя Пышма',1),(1947,'Верхняя Салда',1),(1948,'Верхотурье',1),(1949,'Екатеринбург',1),(1950,'Заречный',1),(1951,'Ивдель',1),(1952,'Ирбит',1),(1953,'Каменск-Уральский',1),(1954,'Камышлов',1),(1955,'Карпинск',1),(1956,'Качканар',1),(1957,'Кировград',1),(1958,'Краснотурьинск',1),(1959,'Красноуральск',1),(1960,'Красноуфимск',1),(1961,'Кушва',1),(1962,'Невьянск',1),(1963,'Нижние Серги',1),(1964,'Нижний Тагил',1),(1965,'Нижняя Салда',1),(1966,'Нижняя Тура',1),(1967,'Новая Ляля',1),(1968,'Новоуральск',1),(1969,'Первоуральск',1),(1970,'Полевский',1),(1971,'Пышма',1),(1972,'Ревда',1),(1973,'Реж',1),(1974,'Североуральск',1),(1975,'Серов',1),(1976,'Сухой Лог',1),(1977,'Сысерть',1),(1978,'Таборы',1),(1979,'Тавда',1),(1980,'Талица',1),(1981,'Тугулым',1),(1982,'Туринск',1),(1983,'Туринская Слобода',1),(1984,'Шаля',1),(1985,'Велиж',1),(1986,'Вязяма',1),(1987,'Гагарин',1),(1988,'Глинка',1),(1989,'Демидов',1),(1990,'Десногорск',1),(1991,'Дорогобуж',1),(1992,'Духовщина',1),(1993,'Ельня',1),(1994,'Ершичи',1),(1995,'Кардымово',1),(1996,'Красный',1),(1997,'Монастырщина',1),(1998,'Новодугино',1),(1999,'Починок',1),(2000,'Рославль',1),(2001,'Рудня',1),(2002,'Сафоново',1),(2003,'Смоленск',1),(2004,'Сычевка',1),(2005,'Темкино',1),(2006,'Угра',1),(2007,'Хиславичи',1),(2008,'Холм-Жирковский',1),(2009,'Шумячи',1),(2010,'Ярцево',1),(2011,'Бондари',1),(2012,'Гавриловка-2',1),(2013,'Дмитриевка',1),(2014,'Жердевка',1),(2015,'Знаменка',1),(2016,'Инжавино',1),(2017,'Кирсанов',1),(2018,'Котовск',1),(2019,'Мичуринск',1),(2020,'Мордово',1),(2021,'Моршанск',1),(2022,'Мучкапский',1),(2023,'Первомайский',1),(2024,'Петровское',1),(2025,'Пичаево',1),(2026,'Рассказово',1),(2027,'Ржакса',1),(2028,'Сатинка',1),(2029,'Сосновка',1),(2030,'Староюрьево',1),(2031,'Тамбов',1),(2032,'Токаревка',1),(2033,'Уварово',1),(2034,'Умет',1),(2035,'Адреаполь',1),(2036,'Бежецк',1),(2037,'Белый',1),(2038,'Бологое',1),(2039,'Вышний Волочек',1),(2040,'Западная Двина',1),(2041,'Зубцов',1),(2042,'Калязин',1),(2043,'Кашин',1),(2044,'Кимры',1),(2045,'Конаково',1),(2046,'Красный Холм',1),(2047,'Кувшиново',1),(2048,'Лесное',1),(2049,'Лихославль',1),(2050,'Максатиха',1),(2051,'Нелидово',1),(2052,'Оленино',1),(2053,'Осташков',1),(2054,'Пено',1),(2055,'Рамешки',1),(2056,'Ржев',1),(2057,'Сандово',1),(2058,'Сонково',1),(2059,'Старица',1),(2060,'Тверь',1),(2061,'Торжок',1),(2062,'Торопец',1),(2063,'Удомля',1),(2064,'Фирово',1),(2065,'Александровское',1),(2066,'Асино',1),(2067,'Бакчар',1),(2068,'Белый Яр',1),(2069,'Зырянское',1),(2070,'Каргасок',1),(2071,'Кожевниково',1),(2072,'Колпашево',1),(2073,'Кривошеино',1),(2074,'Мельниково',1),(2075,'Молчаново',1),(2076,'Парабель',1),(2077,'Первомайское',1),(2078,'Подгорное',1),(2079,'Северск',1),(2080,'Стрежевой',1),(2081,'Тегульдет',1),(2082,'Томск',1),(2083,'Алексин',1),(2084,'Арсеньево',1),(2085,'Архангельское',1),(2086,'Белев',1),(2087,'Богородицк',1),(2088,'Венев',1),(2089,'Волово',1),(2090,'Донской',1),(2091,'Дубна',1),(2092,'Ефремов',1),(2093,'Заокский',1),(2094,'Кимовск',1),(2095,'Киреевск',1),(2096,'Куркино',1),(2097,'Ленинский',1),(2098,'Новомосковск',1),(2099,'Одоев',1),(2100,'Плавск',1),(2101,'Суворов',1),(2102,'Теплое',1),(2103,'Тула',1),(2104,'Узловая',1),(2105,'Чернь',1),(2106,'Щекино',1),(2107,'Ясногорск',1),(2108,'Абатский',1),(2109,'Армизонское',1),(2110,'Аромашево',1),(2111,'Бердюжье',1),(2112,'Большое Сорокино',1),(2113,'Вагай',1),(2114,'Викулово',1),(2115,'Голышманово',1),(2116,'Губкинский',1),(2117,'Заводоуковск',1),(2118,'Исетское',1),(2119,'Ишим',1),(2120,'Казанское',1),(2121,'Междуреченский',1),(2122,'Муравленко',1),(2123,'Нижняя Тавда',1),(2124,'Ноябрьск',1),(2125,'Омутинский',1),(2126,'Сладково',1),(2127,'Тарко-сале',1),(2128,'Тобольск',1),(2129,'Тюмень',1),(2130,'Уват',1),(2131,'Упорово',1),(2132,'Юргинское',1),(2133,'Ялуторовск',1),(2134,'Ярково',1),(2135,'Базарный Сызган',1),(2136,'Барыш',1),(2137,'Большое Нагаткино',1),(2138,'Вешкайма',1),(2139,'Димитровград',1),(2140,'Инза',1),(2141,'Ишеевка',1),(2142,'Карсун',1),(2143,'Кузоватово',1),(2144,'Майна',1),(2145,'Николаевка',1),(2146,'Новая Малыкла',1),(2147,'Новоспасское',1),(2148,'Новоульяновск',1),(2149,'Павловка',1),(2150,'Радищево',1),(2151,'Сенгилей',1),(2152,'Старая Кулатка',1),(2153,'Старая Майна',1),(2154,'Сурское',1),(2155,'Тереньга',1),(2156,'Ульяновск',1),(2157,'Чердаклы',1),(2158,'Агаповка',1),(2159,'Аргаяш',1),(2160,'Аша',1),(2161,'Бреды',1),(2162,'Варна',1),(2163,'Верхнеуральск',1),(2164,'Верхний Уфалей',1),(2165,'Долгодеревенское',1),(2166,'Еманжелинск',1),(2167,'Еткуль',1),(2168,'Златоуст',1),(2169,'Карабаш',1),(2170,'Карталы',1),(2171,'Касли',1),(2172,'Катав-Ивановск',1),(2173,'Кизильское',1),(2174,'Копейск',1),(2175,'Коркино',1),(2176,'Кунашак',1),(2177,'Куса',1),(2178,'Кыштым',1),(2179,'Магнитогорск',1),(2180,'Миасс',1),(2181,'Миасское',1),(2182,'Миньяр',1),(2183,'Нязепетровск',1),(2184,'Октябрьское',1),(2185,'Пласт',1),(2186,'Сатка',1),(2187,'Снежинск',1),(2188,'Солнечная Долина',1),(2189,'Трехгорный',1),(2190,'Троицк',1),(2191,'Увельский',1),(2192,'Уйское',1),(2193,'Усть-Катав',1),(2194,'Фершампенуаз',1),(2195,'Чебаркуль',1),(2196,'Челябинск',1),(2197,'Чесма',1),(2198,'Южноуральск',1),(2199,'Большое Село',1),(2200,'Борисоглебский',1),(2201,'Брейтово',1),(2202,'Гаврилов-ям',1),(2203,'Данилов',1),(2204,'Любим',1),(2205,'Мышкин',1),(2206,'Некрасовское',1),(2207,'Новый Некоуз',1),(2208,'Переяславль-Залесский',1),(2209,'Пошехонье',1),(2210,'Пречистое',1),(2211,'Рыбинск',1),(2212,'Тугаев',1),(2213,'Углич',1),(2214,'Ярославль',1),(2215,'Биробиджан',1),(2216,'Белоярский',1),(2217,'Березово',1),(2218,'Когалым',1),(2219,'Кондинское',1),(2220,'Лангепас',1),(2221,'Лянтор',1),(2222,'Мегион',1),(2223,'Междуреченский',1),(2224,'Нефтеюганск',1),(2225,'Нижневартовск',1),(2226,'Нягань',1),(2227,'Октябрьское',1),(2228,'Пыть-ях',1),(2229,'Радужный',1),(2230,'Советский',1),(2231,'Сургут',1),(2232,'Урай',1),(2233,'Ханты-Мансийск',1),(2234,'Анадырь',1),(2236,'Москва',1),(2237,'Санкт-Петербург',1),(2238,'Севастополь',1),(4097,'Джубга',1),(4098,'Симферополь',1),(4099,'Фрязино',1),(4100,'Мытищи',1),(4101,'Люберцы',1),(4102,'Алупка',1),(4103,'Алушта',1),(4104,'Красноперекопск',1),(4105,'Бахичисарай',1),(4106,'Джанкой',1),(4107,'Евпатория',1),(4108,'Инкерман',1),(4109,'Керчь',1),(4110,'Саки',1),(4111,'Старый Крым',1),(4112,'Судак',1),(4113,'Феодосия',1),(4114,'Щелкино',1),(4115,'Ялта',1),(4116,'Химки',1),(4117,'Чулково',1);
/*!40000 ALTER TABLE `regions` ENABLE KEYS */;
UNLOCK TABLES;

--
-- Table structure for table `settings`
--

DROP TABLE IF EXISTS `settings`;
/*!40101 SET @saved_cs_client     = @@character_set_client */;
/*!40101 SET character_set_client = utf8 */;
CREATE TABLE `settings` (
  `settings_key` varchar(200) COLLATE utf8_unicode_ci NOT NULL,
  `settings_val` varchar(2000) COLLATE utf8_unicode_ci DEFAULT NULL,
  `labels` varchar(200) COLLATE utf8_unicode_ci DEFAULT NULL,
  PRIMARY KEY (`settings_key`)
) ENGINE=InnoDB DEFAULT CHARSET=utf8 COLLATE=utf8_unicode_ci;
/*!40101 SET character_set_client = @saved_cs_client */;

--
-- Dumping data for table `settings`
--

LOCK TABLES `settings` WRITE;
/*!40000 ALTER TABLE `settings` DISABLE KEYS */;
INSERT INTO `settings` VALUES ('admin_email','redblueandreas@gmail.com','Адрес почты админа'),('anon_order','Зарегистрируйтесь на сайте или войдите под своей учетной записью, чтобы заказ отобразился на сайте!','Подсказка для заказа без регистрации\\входа'),('autohide_time','86400','Скрывать заказ, если пользователь не был на сайте, через N секунд'),('fill_profile','Необходимо заполнить профиль, иначе заказ не будет отображаться на сайте!','Сообщение \"заполните профиль\"'),('fill_profile_servitor','Необходимо заполнить профиль, чтобы делать предложения и переписываться с другими пользователями.','Сообщение \"заполните профиль\" (исполнитель)'),('referal_perc','10','Процент вознаграждения рефералам'),('request_accepted','Заявка принята!','Сообщение \"заявка принята\"'),('sms-verify','79','Лимит проверочных SMS'),('yandex_order_title','Оплата подписки Eventblaster','Наименование платежа для системы Яндекс'),('yandex_wallet','410011906197238','Яндекс кошелек для приема платежей');
/*!40000 ALTER TABLE `settings` ENABLE KEYS */;
UNLOCK TABLES;

--
-- Table structure for table `tags`
--

DROP TABLE IF EXISTS `tags`;
/*!40101 SET @saved_cs_client     = @@character_set_client */;
/*!40101 SET character_set_client = utf8 */;
CREATE TABLE `tags` (
  `id` int(11) NOT NULL AUTO_INCREMENT,
  `title` varchar(200) COLLATE utf8_unicode_ci DEFAULT NULL,
  `moderated` int(11) DEFAULT '0',
  PRIMARY KEY (`id`)
) ENGINE=InnoDB AUTO_INCREMENT=249 DEFAULT CHARSET=utf8 COLLATE=utf8_unicode_ci;
/*!40101 SET character_set_client = @saved_cs_client */;

--
-- Dumping data for table `tags`
--

LOCK TABLES `tags` WRITE;
/*!40000 ALTER TABLE `tags` DISABLE KEYS */;
INSERT INTO `tags` VALUES (1,'23 февраля',1),(2,'8 марта',1),(3,'9 мая',1),(4,'Cвадьбы',1),(5,'Dj',1),(6,'Event агентство',1),(7,'Fashion показ',1),(8,'Loft',1),(9,'Open-air площадка',1),(10,'R&B певец',1),(11,'Азербайджанская кухня',1),(12,'Аквапарк',1),(13,'Аккордеон',1),(14,'Акробаты',1),(15,'Актеры',1),(16,'Алкогольные напитки',1),(17,'Аниматоры',1),(18,'Анимация',1),(19,'Ансамбль',1),(20,'Артист',1),(21,'Артисты цирка',1),(22,'База отдыха',1),(23,'Балет',1),(24,'Банкет',1),(25,'Бар',1),(26,'Бармен',1),(27,'Бармен шоу',1),(28,'Баян',1),(29,'Бизнес мероприятие',1),(30,'Бильярд',1),(31,'Битбокс',1),(32,'Боулинг',1),(33,'Букинг артистов',1),(34,'Бурлеск',1),(35,'Ведущий',1),(36,'Вечеринка',1),(37,'Видеооператор',1),(38,'Воздушные шары',1),(39,'Восточные танцы',1),(40,'Встреча гостей',1),(41,'Выездная регистрация',1),(42,'Выездной банкет',1),(43,'Выездной ресторан',1),(44,'Выездные мероприятия',1),(45,'Выпускной',1),(46,'Выставка',1),(47,'Годовщина',1),(48,'Городское мероприятие',1),(49,'Гостиница',1),(50,'Грузинская кухня',1),(51,'Гэтсби шоу',1),(52,'Девичник',1),(53,'Дегустация',1),(54,'Декор и флористика',1),(55,'Декорирование',1),(56,'День рождения',1),(57,'Детские квесты',1),(58,'Детский праздник',1),(59,'Джаз певец',1),(60,'Ди-джей',1),(61,'Диджей',1),(62,'Дизайн-завод',1),(63,'Дискотека 90-х',1),(64,'Ёлка',1),(65,'Живая музыка',1),(66,'Животные',1),(67,'Зал',1),(68,'Звери',1),(69,'Зрелищное мероприятие',1),(70,'Иллюзионист',1),(71,'Йоги',1),(72,'Кабаре',1),(73,'Кавер группа',1),(74,'Кавказская кухня',1),(75,'Кавказские танцы',1),(76,'Казачий хор',1),(77,'Кальян',1),(78,'Камеди',1),(79,'Кан-кан',1),(80,'Караоке',1),(81,'Карнавал',1),(82,'Картинг',1),(83,'Карточные фокусы',1),(84,'Каток',1),(85,'Кафе',1),(86,'Квартира',1),(87,'Квартирник',1),(88,'Квесты',1),(89,'Кейтеринг',1),(90,'Китайская кухня',1),(91,'Клоун',1),(92,'Коворкинг',1),(93,'Комик',1),(94,'Комната квестов',1),(95,'Конкурсы',1),(96,'Конференц-зал',1),(97,'Конференция',1),(98,'Концерт',1),(99,'Корпоратив',1),(100,'Костюмированное шоу',1),(101,'Коттедж',1),(102,'Крыша',1),(103,'Культурное мероприятие',1),(104,'Латиноамериканские танцы',1),(105,'Лимузин',1),(106,'Лофт',1),(107,'Мальчишник',1),(108,'Маскарад',1),(109,'Массовое мероприятие',1),(110,'Мастер-класс',1),(111,'Мексиканская кухня',1),(112,'Менталист',1),(113,'Музей',1),(114,'Музыка',1),(115,'Музыкант',1),(116,'Мультяшные персонажи',1),(117,'Мыльное шоу',1),(118,'Мягкие диваны',1),(119,'Народная музыка',1),(120,'Народный ансамбль',1),(121,'Новый год',1),(122,'Ночной клуб',1),(123,'Образовательное мероприятие',1),(124,'Оркестр',1),(125,'Отель',1),(126,'Оформление',1),(127,'Пароход',1),(128,'Пародист',1),(129,'Певец',1),(130,'Пейнтбол',1),(131,'Песочная анимация',1),(132,'Пианист',1),(133,'Подарки',1),(134,'Помещение',1),(135,'Предстваление',1),(136,'Презентация',1),(137,'Пригласительные',1),(138,'Развлекательная программа',1),(139,'Ресторан',1),(140,'Рок певец',1),(141,'Русская кухня',1),(142,'Рэп певец',1),(143,'Сад',1),(144,'Саксофонист',1),(145,'Свадебное агентство',1),(146,'Свадьба',1),(147,'Свадьба за границей',1),(148,'Световое шоу',1),(149,'Сигарное шоу',1),(150,'Скалодром',1),(151,'Скрипач',1),(152,'Сладости',1),(153,'Сомелье',1),(154,'Социальное мероприятие',1),(155,'Спектакль',1),(156,'Спортивная площадка',1),(157,'Спортивное мероприятие',1),(158,'Стенд ап шоу',1),(159,'Стриптиз',1),(160,'Тамада',1),(161,'Танец живота',1),(162,'Танцевальная музыка',1),(163,'Танцевальная программа',1),(164,'Танцор',1),(165,'Танцы',1),(166,'Танцы go-go',1),(167,'Театральные постановки ',1),(168,'Теплоход',1),(169,'Терраса',1),(170,'Тимбилдинг',1),(171,'Торт',1),(172,'Трансфер',1),(173,'Трубач',1),(174,'Турнир',1),(175,'У воды',1),(176,'Уборка',1),(177,'Усадьба',1),(178,'Утренник',1),(179,'Фаер шоу',1),(180,'Фейерверки',1),(181,'Фестиваль',1),(182,'Флористика',1),(183,'Фокусник',1),(184,'Фотограф',1),(185,'Фуршет',1),(186,'Холодные закуски',1),(187,'Хор',1),(188,'Художник',1),(189,'Цветы',1),(190,'Цирковое выступление',1),(191,'Цыганский ансамбль',1),(192,'Чайная церемония',1),(193,'Чайный мастер',1),(194,'Шансон',1),(195,'Шаржист',1),(196,'Шатер',1),(197,'Шашлыки',1),(198,'Шоу',1),(199,'Шоу двойников',1),(200,'Шоу мыльных пузырей',1),(201,'Шоу программа',1),(202,'Шоу-балет',1),(203,'Экзотика',1),(204,'Юбилей',1),(205,'Юморист',1),(206,'Японская кухня',1),(207,'Яхт-клуб',1),(208,'Др',1),(209,'Маски шоу',1),(210,'Тексты',1),(211,'Сценарии',1),(212,'Визажист',1),(213,'Стилист',1),(214,'Парикмахер',1),(215,'Прокат авто',1),(216,'Прокат одежды',1),(217,'Редактирование текста',1),(218,'Редактирование сценария',1),(219,'Выпечка',1),(220,'Хореограф',1),(221,'Видеограф',1),(222,'Копирайтинг',1),(223,'Рерайтинг',1),(224,'Маникюр',1),(225,'Педикюр',1),(226,'Огненное шоу',1),(227,'Макияж',1),(228,'Makeup',1),(229,'Двойник',1),(230,'Инстабудка',1),(231,'Инстапринтер',1),(232,'Инстамат',1),(233,'Фотобудка',1),(234,'Аренда свадебного шатра',1),(235,'Повар',1),(236,'Клининговая служба',1),(237,'Охрана ',1),(238,'Промо персонал',1),(239,'Модели',1),(240,'Официант',1),(241,'Бармен',1),(242,'Звукорежиссер',1),(243,'Монтажник',1),(244,'Промышленный альпинизм',1),(245,'Грузчик',1),(246,'Хостес',1),(247,'Шоу шаржиста',1),(248,'Звук',1);
/*!40000 ALTER TABLE `tags` ENABLE KEYS */;
UNLOCK TABLES;

--
-- Table structure for table `user_types`
--

DROP TABLE IF EXISTS `user_types`;
/*!40101 SET @saved_cs_client     = @@character_set_client */;
/*!40101 SET character_set_client = utf8 */;
CREATE TABLE `user_types` (
  `id` int(11) NOT NULL AUTO_INCREMENT,
  `title` varchar(200) COLLATE utf8_unicode_ci DEFAULT NULL,
  PRIMARY KEY (`id`)
) ENGINE=InnoDB AUTO_INCREMENT=4 DEFAULT CHARSET=utf8 COLLATE=utf8_unicode_ci;
/*!40101 SET character_set_client = @saved_cs_client */;

--
-- Dumping data for table `user_types`
--

LOCK TABLES `user_types` WRITE;
/*!40000 ALTER TABLE `user_types` DISABLE KEYS */;
INSERT INTO `user_types` VALUES (1,'Администратор'),(2,'Заказчик'),(3,'Исполнитель');
/*!40000 ALTER TABLE `user_types` ENABLE KEYS */;
UNLOCK TABLES;

--
-- Table structure for table `users`
--

DROP TABLE IF EXISTS `users`;
/*!40101 SET @saved_cs_client     = @@character_set_client */;
/*!40101 SET character_set_client = utf8 */;
CREATE TABLE `users` (
  `id` int(11) NOT NULL AUTO_INCREMENT,
  `username` varchar(200) COLLATE utf8_unicode_ci DEFAULT NULL,
  `password_hash` varchar(100) COLLATE utf8_unicode_ci DEFAULT NULL,
  `auth_key` varchar(50) COLLATE utf8_unicode_ci DEFAULT NULL,
  `created_at` int(11) DEFAULT NULL,
  `updated_at` int(11) DEFAULT NULL,
  `email` varchar(200) COLLATE utf8_unicode_ci DEFAULT NULL,
  `user_type_id` int(11) DEFAULT NULL,
  `fio` varchar(200) COLLATE utf8_unicode_ci DEFAULT NULL,
  `taglist_ids` varchar(200) COLLATE utf8_unicode_ci DEFAULT NULL,
  `event_type_id` varchar(200) COLLATE utf8_unicode_ci DEFAULT NULL,
  `avatar` varchar(200) COLLATE utf8_unicode_ci DEFAULT NULL,
  `phone` varchar(20) COLLATE utf8_unicode_ci DEFAULT NULL,
  `region_id` varchar(200) COLLATE utf8_unicode_ci DEFAULT NULL,
  `comments` varchar(2000) COLLATE utf8_unicode_ci DEFAULT NULL,
  `pay_until` int(11) DEFAULT NULL,
  `moderated` int(11) DEFAULT '0',
  `last_shared` int(11) DEFAULT NULL,
  `verified_phones` varchar(2000) COLLATE utf8_unicode_ci DEFAULT NULL,
  `fav_ids` varchar(2000) COLLATE utf8_unicode_ci DEFAULT NULL,
  `last_online` int(11) DEFAULT NULL,
  `reset` varchar(35) COLLATE utf8_unicode_ci DEFAULT NULL,
  `ref_parent` int(11) DEFAULT NULL,
  `referal_paid` float DEFAULT NULL,
  PRIMARY KEY (`id`)
) ENGINE=InnoDB AUTO_INCREMENT=177 DEFAULT CHARSET=utf8 COLLATE=utf8_unicode_ci;
/*!40101 SET character_set_client = @saved_cs_client */;

--
-- Dumping data for table `users`
--

LOCK TABLES `users` WRITE;
/*!40000 ALTER TABLE `users` DISABLE KEYS */;
INSERT INTO `users` VALUES (2,'fd4a22870509e6ae9b1b11db53d60e25@ulogin','$2y$13$JILvg1uHnvYsCUVMMwhzp./aE8K3k3y/HwF85gojCVbxHPOyG4KUG',NULL,1461997011,1486308317,'buggzy2@mail.ru',1,'Админ',NULL,NULL,'f0cbb75b13adccf7e8f2c6a1f9a934a5.png','+7 (903) 082-11-96',NULL,'',1462924800,1,NULL,'+7 (903) 082-11-96',NULL,1486308317,NULL,NULL,NULL),(21,'redblueandreas@gmail.com','$2y$13$lz/4JlbG7zUZGqNQG.Z9GeipmknuFIdik6Vnsp8Q4yARLwrXgLD5i',NULL,1462642276,1486430002,'redblueandreas@gmail.com',1,'',NULL,NULL,NULL,'',NULL,'',0,1,NULL,NULL,NULL,1486430002,'a29d499e8f8a690339b905633eaa2b8a',NULL,NULL),(63,'083f494d1782bcda44cfa79ec5588962@ulogin','$2y$13$c/Vx4yDy5Uf7ka00kOjhw.g2xddRlCf.GmSXQr8Vwdn.mYPqdxfz6',NULL,1466919648,1467118170,'info@hit-effect.ru',2,'Константин Ксеонов',NULL,NULL,NULL,'+7 (999) 999-99-99',NULL,'',0,1,NULL,NULL,NULL,1466925419,NULL,NULL,NULL),(64,'groupstsafe3@yandex.ru','$2y$13$DPX8P79c2j9HIWinBmSsIusIjRLXl/BekSCDF5nhirRxYwHVTLcsC',NULL,1466937640,1479402753,'groupstsafe3@yandex.ru',3,'Пупкин и сыновья','2;3;5','29','b26c2e24c899a47bd396b72c633de4cc.jpg','+7 (123) 123-21-31','4114;4115','Делаем круто вообще всё!',1477755162,0,1477744362,NULL,'57',1479402753,NULL,NULL,NULL),(65,'groupstsafe4@yandex.ru','$2y$13$6Mz3AXDFAWecEntpHClFguM/Q/TY7RLUlCE/nYxUH95OQJtZ5e0eO',NULL,1466947746,1475151347,'groupstsafe4@yandex.ru',2,'','','29',NULL,'','','',1466899200,1,1466948220,NULL,NULL,1475151347,NULL,NULL,NULL),(66,'c2c8cbf3b79a1d49a357bd96e9738335@ulogin','$2y$13$Y43wV8bkj0F4Ig9SuqmA0eGgUDeYpRg.9I8y3569GL68LzblQGbqa',NULL,1466982415,1475669830,'gorky@mts-nn.ru',2,'Semen Umilin',NULL,NULL,NULL,'+7 (916) 716-09-84',NULL,'',0,1,NULL,NULL,NULL,1475669830,NULL,NULL,NULL),(67,'1e4c880df6279d1b1488f510547d0898@ulogin','$2y$13$YSzugm3GUeR9fsc06KXGauIDfOu68jUn8GnZb5kM5RQjLsoQLs6qW',NULL,1467046343,1467118223,'tap04egg@yandex.kz',2,'Артём Анисимов',NULL,NULL,NULL,'+7 (985) 841-33-23',NULL,'',0,1,NULL,NULL,NULL,1467048098,NULL,NULL,NULL),(68,'mastervisage@list.ru','$2y$13$HW0QGupaXnvXS00awhd1pezNuqSTFV4jTB7ijA5Ezmo7s0J33mSwC',NULL,1467103743,1467839480,'mastervisage@list.ru',3,'Лара Самкова','212','102','efb92a85d65bc3442529ad241b884622.jpg','+7 (908) 269-68-21','1758','Визажист. Оказываю услуги визажиста в Перми. Обращайтесь!',0,1,NULL,NULL,NULL,1467839480,NULL,NULL,NULL),(69,'kat-demidova@mail.ru','$2y$13$viWjTtwTYLQ5aXIf6aqlzOW3EXpeQxI8O.CfWmVyqeCUOYOdTJRJS',NULL,1467113929,1467144543,'kat-demidova@mail.ru',2,'',NULL,NULL,NULL,'',NULL,'',0,1,NULL,NULL,NULL,1467144543,NULL,NULL,NULL),(70,'kondratev93egor@gmail.com','$2y$13$1qt6gEwILxzMa0WWFmx/pOivl/2xrF9/Q4OUSH5uRZnFQ/lMb/6U2',NULL,1467114230,1467114815,'kondratev93egor@gmail.com',3,NULL,NULL,NULL,NULL,NULL,NULL,NULL,NULL,0,NULL,NULL,NULL,1467114815,NULL,NULL,NULL),(71,'0bb0370c4fc79150cbc1c7ed52181e2a@ulogin','$2y$13$JECdl2bqkplTDRhU0TK90On2e9YEBUFXqI5jmvYkcH7eDsfSvYhn2',NULL,1467130101,1470061868,'umilin@instach.ru',3,'Семён Умилин',NULL,NULL,NULL,'+7(916)716-09-84',NULL,NULL,NULL,0,NULL,NULL,NULL,1470061868,NULL,NULL,NULL),(72,'c0ac2333171c9bdf0fb9c752e9fcddab@ulogin','$2y$13$i4oI8ltFFsjZ5QMswOE8k.Xi6gIP/B7GStb4ccXdZQvged9.EsO4e',NULL,1467142660,1467299172,'alexey.romanenkov@gmail.com',3,'Aleksey Romanenkov','37','90','45f4713239dfe179269fd05abc1b13d1.jpg','+7 (931) 235-58-13','2237','Видеооператор из города Санкт Петербург! Обращайтесь.',0,1,NULL,NULL,NULL,1467150309,NULL,NULL,NULL),(73,'cbe3eed0be535a7588ede340682938a2@ulogin','$2y$13$NJuWt4KWDiXTAF/QV2CXfOqKPn/HdbkAiTeFDMwHhTlIRlnAZCdSC',NULL,1467147729,1467149408,'hello@mirzoyan-show.ru',3,'Нарек Мирзоян','6;35;60;61;145;146','78','75800be65ffe793f510477a89bf0970f.jpg','+7 (916) 200-02-92','2236','На сегодняшний день, доминирующую часть в моей работе занимают свадьбы.\r\nС 2013 года я провёл более 100 свадеб и понял, что свадьба — это мой праздник!\r\nПраздник, в который я вкладываю весь свой профессионализм, любовь, заботу и внимание.\r\nЯ веду свадьбы, как если бы вёл праздник для своих близких и родных людей. Я готов с вами пройти ваш счастливый этап жизни!\r\nГоржусь тем, что являюсь ведущим телеканала ТНТ-Music и A-one :)\r\nУзнайте как СЭКОНОМИТЬ 40% свадебного бюджета на встрече с ПРОФЕССИОНАЛЬНЫМ ВЕДУЩИМ.\r\nБудьте уверены ваше настроение в надежных руках!',0,1,NULL,NULL,NULL,1467148230,NULL,NULL,NULL),(74,'director@eventros.ru','$2y$13$NM3Wv2OKLV2Iw6vF4z4WieQR5AEDrc6wnSEFvcELjWXuGe5htRz1K',NULL,1467180414,1467197665,'director@eventros.ru',3,NULL,NULL,NULL,NULL,NULL,NULL,NULL,NULL,0,NULL,NULL,NULL,1467197665,NULL,NULL,NULL),(75,'Asvizeva@inbox.ru','$2y$13$Zsc8l6374PuzWU48vHu7oez3TdMX5yAOrTNYl6lFTBie0P7X.Ow8K',NULL,1467220405,1467221116,'Asvizeva@inbox.ru',2,'Анастасия',NULL,NULL,NULL,'+7 (952) 660-94-44',NULL,'',0,1,NULL,'+7 (952) 660-94-44',NULL,1467221116,NULL,NULL,NULL),(76,'e2c53f194b9febdb444df785680b522d@ulogin','$2y$13$wypoeonw7EUX0nMK1GxU3OJgVJFGj.i0LkmivTV9l1lwK88uKc/fG',NULL,1467221230,1467221432,'setro@mail.ru',2,'Дмитрий Сетро',NULL,NULL,NULL,'+7 (926) 111-16-95',NULL,'',0,1,NULL,NULL,NULL,1467221432,NULL,NULL,NULL),(77,'bdb5e5d08216fad40b2e6a14aa03b532@ulogin','$2y$13$ZYbuTCxU0FUq1xOsErijXOeXNkuZ9gS2cN0LMQzdeCMizbl/ZwqEa',NULL,1467221598,1486471034,'alienhard@mail.ru',2,'Илья Тетерин','2;4','29',NULL,'+7 (903) 082-11-96','','',0,0,NULL,'+7 (903) 082-11-96',NULL,1486471034,NULL,NULL,NULL),(78,'7f4e154a7d3d10e501fe51cbb8e81f50@ulogin','$2y$13$4464hz/2y/c8h35sgDi1S.NQijE3Fv2Xh.YsLoYGC0ZAaeFwIqh2C',NULL,1467224629,1467228085,'rustem.qt@gmail.com',3,'Рустем Эмирсалиев','','29','d2c5040c0012a909bbe4c1c16e825b49.jpg','+7 (918) 199-92-36','','Скромный ведущий от Бога)))\r\n5 лет проведения мероприятий различного плана: концерты, фестивали (большинство сам и организовывал), лауреат конкурсов по театральному мастерству и литературному чтению, активист-комсомол, КВН-щик...ах да! Свадьбы/корпоративы/юбилеи - культурненько, креативненько и современненько проведу Ваш праздник. Программку составляем в соответствии с вашими пожеланиями и предпочтениями. Цена работы 1500 тыс/час (минимальная программа 4 часа).',0,1,NULL,NULL,NULL,1467225917,NULL,NULL,NULL),(79,'kaschulina2014@mail.ru','$2y$13$mJH5WHBijZW4qI6cGBDqAet33TZorJeAkXFTq3H0TyHQAbubK2IfG',NULL,1467227101,1469897211,'kaschulina2014@mail.ru',2,'Надежда',NULL,NULL,NULL,'+7 (952) 517-10-54',NULL,'',0,1,NULL,'+7 (952) 517-10-54',NULL,1469897211,NULL,NULL,NULL),(80,'fc486b75476a0892d7f295bbe7199def@ulogin','$2y$13$mE498M1Y.5E0s.vChx8jmuB5DelrVD4fvBIn/1kMKQP0yV68.IZz2',NULL,1467231812,1467232749,'adodin2580@mail.ru',2,'Александр Адодин',NULL,NULL,NULL,'+7 (908) 555-59-04',NULL,'',0,1,NULL,'+7 (908) 555-59-04',NULL,1467231813,NULL,NULL,NULL),(81,'Slava@boom-show.ru','$2y$13$.cNZOV2wrkC3dpAdBPauqevUQ5OR/3bP34WREMeqfO6Nl5hsXuNHu',NULL,1467237426,1467360483,'Slava@boom-show.ru',3,'Двойник Верки Сердючки|Верка Сердюлька|Вячеслав Шнуренко','1;2;3;4;5;6;7;8;9;10;11;12;13;14;15;16;17;18;19;20;21;22;23;24;25;26;27;28;29;30;31;32;33;34;35;36;37;38;39;40;41;42;43;44;45;46;47;48;49;50;51;52;53;54;55;56;57;58;59;60;61;62;63;64;65;66;67;68;69;70','79','64cc226f34ce9f1ec0f2cfe89ae36aaf.jpeg','+7 (906) 053-28-51','2236','ЛЮБЛЮ СВОЮ РАБОТУ! Верка Сердюлька Вячеслав ШНУРЕНКО ',1467244800,1,1467240836,NULL,NULL,1467360483,NULL,NULL,NULL),(82,'martynova.nastya20@yandex.ru','$2y$13$ETec5r9v8vCGs.49yAWaL.HB1oRLr9wc6aU1f96dfSznxlHJcIrf.',NULL,1467253179,1467253297,'martynova.nastya20@yandex.ru',2,'Анастасия Евгеньевна',NULL,NULL,NULL,'+7 (923) 790-73-12',NULL,'',NULL,0,NULL,NULL,NULL,1467253297,NULL,NULL,NULL),(83,'2760600@list.ru','$2y$13$l9n6XOrLsBbP82gdSqkgCu3xMlMsajLkjjMYl8E.ihAepxjpgYwtG',NULL,1467256717,1467261690,'2760600@list.ru',3,NULL,NULL,NULL,NULL,NULL,NULL,NULL,NULL,0,NULL,NULL,NULL,1467261690,NULL,NULL,NULL),(84,'wolf1306@inbox.ru','$2y$13$GgyPEkI/qtDxJqWFrAJrieL0pCQePPbEaxfR.RszjJhcuUINqJeDm',NULL,1467257984,1467299317,'wolf1306@inbox.ru',3,'Лапшина Анастасия','2;4;45;47;121;146;204','108','ee73ccbe27683fb130feadf636517542.jpg','+7 (923) 648-80-48','489','Приглашаю Вас воспользоваться услугами свадебных причёсок, а так же причёски для выпускных, вечеринок и корпоративов!  Индивидуальный подход к каждому клиенту. Выезд на дом. Индивидуальный мастер. Услуги парикмахера!',0,1,NULL,NULL,NULL,1467258458,NULL,NULL,NULL),(85,'Art-mafia@bk.ru','$2y$13$a6QfVs9Q1ADCb2rNnzZTUuvsvJvg/cgNdY2.qd.gj72/xuQLbfv1S',NULL,1467272022,1467272022,'Art-mafia@bk.ru',3,NULL,NULL,NULL,NULL,NULL,NULL,NULL,NULL,0,NULL,NULL,NULL,NULL,NULL,NULL,NULL),(86,'9eb01c3f580e0b37c41c10c6db41785c@ulogin','$2y$13$RKm6g7jdw8m2dlJzayqtOufWjCMvyL2y7SvUis9z1Qde1FVPCHBca',NULL,1467273785,1467275599,'vlad.murzaev.91@mail.ru',3,'Влад Мурзаев',NULL,NULL,NULL,'+375(29)516-52-02',NULL,NULL,NULL,0,NULL,NULL,NULL,1467275599,NULL,NULL,NULL),(87,'b4be9c12dac1a6762122bf693ddc6fcb@ulogin','$2y$13$Ez53frKP4Gni0QLKOxDTa.j6VRmqStq7Jdeo73iSmWQwpKdU8NEku',NULL,1467280555,1467282937,'vyushkinpm@gmail.com',3,'Пётр Вьюшкин','4;5;6;20;27;35;37;38;40;41;42;44;45;47;52;54;55;56;60;61;65;73;78;80;89;93;107;114;195;200;204;205','29','cbe03fb6a75010efdcf28398a10fd7ce.jpg','+7 (987) 833-38-78','1901;1904;1916;2236;1929;1933','Вы зашли на этот сайт, значит скоро будет одно из Важнейших событий в Вашей жизни!!!\r\n\r\nЯ помогу сделать Ваше событие веселым, крутым и не забываемым! За 8 лет ведения, я собрал ответы на все вопросы относительно организации свадьбы и готов этой информацией поделиться, осталось только позвонить!) ',1467244800,1,1467280623,NULL,NULL,1467282937,NULL,NULL,NULL),(88,'a3391911a7c7fa5b078f09b397a47137@ulogin','$2y$13$vWEDgNFJFg/c1CZpBmktlOEkFFh7Dv5Mqkq8hIUuUeo/N/SSWurpG',NULL,1467290048,1467290081,'STEWARDESS@aviel.ru',3,'Виктория Тачева',NULL,NULL,NULL,'89250529796',NULL,NULL,NULL,0,NULL,NULL,NULL,1467290081,NULL,NULL,NULL),(89,'dobriy-fei.kaluga@yandex.ru','$2y$13$czNMffJcYeDhwvwz3gw3wOd.m9M1iQYtHNrEzmbZGf7fzLCkNYgCS',NULL,1467293437,1467294895,'dobriy-fei.kaluga@yandex.ru',3,'Добрый фей','1;2;3;4;5;6;7;8;9;10;11;12;13;14;15;16;17;18;19;20;21;22;23;24;25;26;27;28;29;30;31;32;33;34;35;36;37;38;39;40;41;42;43;44;45;46;47;48;49;50;51;52;53;54;55;56;57;58;59;60;61;62;63;64;65;66;67;68;69;70','30','587eeb9fd4acd4139c0f4d76ef46cedd.jpg','+7 (930) 841-53-54','1234','Хотите красивую и оригинальную свадьбу?',0,1,NULL,NULL,NULL,1467294895,NULL,NULL,NULL),(90,'id4@protonmail.com','$2y$13$DfGmshvRAHWZtd7tI.IrB.rTpi63P99JjPWKN9ptlpOJi5/C7rye.',NULL,1467296153,1467313024,'id4@protonmail.com',3,'Михаил Фаленков','37;184;211;217;218;222;223','90','3e0bbc872fb246395df9030356117265.jpg','+7 (964) 722-89-50','2236','Фотографирую, снимаю и монтирую видео, пишу и редактирую тексты,речи,сценарии к мероприятиям. Обращайтесь!',0,1,NULL,NULL,NULL,1467305219,NULL,NULL,NULL),(91,'first-b@bk.ru','$2y$13$YKG688kMQJTIQncJwB/61u9wSe1KRuy5tHll9ydsYqdE0Q.1foiEq',NULL,1467299124,1467305320,'first-b@bk.ru',3,NULL,NULL,NULL,NULL,NULL,NULL,NULL,NULL,0,NULL,NULL,NULL,1467305320,NULL,NULL,NULL),(92,'info@annalegenda.ru','$2y$13$MIngTrzTEhHJfTQGoP386OeLlCoBNmXc.6MrnLfQf46QkiWZFwPre',NULL,1467302960,1467389903,'info@annalegenda.ru',3,'Event-агентство Anna Legenda','1;2;3;4;5;6;7;9;10;11;12;13;14;15;16;17;18;19;20;21;22;23;24;25;26;27;28;29;30;31;32;33;34;35;36;37;38;39;40;41;42;43;44;45;46;47;48;49;50;51;52;53;54;55;56;57;58;59;60;61;62;63;64;65;66;67;68;69;70','29','831953880bceed8c40e22793bb21cc7d.jpg','+7 (918) 028-72-10','531','Event-агентство Anna Legenda - это успешная компания, на сегодняшний день агентство праздников, работающее по всему краю:\r\n\r\n- Организация мероприятий и праздников\r\n- Большая база артистов, шоу-программ и подрядчиков (более 1500)\r\n- PR и продвижение компаний, ресторанов, консалтинг\r\n- Выставки, презентации, аукционы, форумы\r\n- Креативные решения, тематические мероприятия\r\n\r\n\r\n',0,1,NULL,NULL,NULL,1467330202,NULL,NULL,NULL),(93,'smdt@list.ru','$2y$13$N5wthH7P64WyTik.Ah9ZTOa63bZn7Ye9kET6bnc0L/HkG8HwoCpSK',NULL,1467308631,1467308708,'smdt@list.ru',3,NULL,NULL,NULL,NULL,NULL,NULL,NULL,NULL,0,NULL,NULL,NULL,1467308708,NULL,NULL,NULL),(94,'okomova1995@mail.ru','$2y$13$uregaK/8HKFSUZGMwMwVtegUWGR/IYwHRVlBoGUQuCYOSu6bas7Ou',NULL,1467313789,1467313789,'okomova1995@mail.ru',3,NULL,NULL,NULL,NULL,NULL,NULL,NULL,NULL,0,NULL,NULL,NULL,NULL,NULL,NULL,NULL),(95,'Yakaninr@mail.ru','$2y$13$x5X7ARsDuybt29oGczyOteZnzEu4m9afwX35nPzU2Jm8eYXIsVMAK',NULL,1467314285,1467314432,'Yakaninr@mail.ru',3,NULL,NULL,NULL,NULL,NULL,NULL,NULL,NULL,0,NULL,NULL,NULL,1467314432,NULL,NULL,NULL),(96,'andy_twicer@mail.ru','$2y$13$h8Jn.o.Ot2PvTT6PM65vl.129ucSGbWxfUhoe1cFZ7Bvh5rgsZ3/2',NULL,1467314609,1467314612,'andy_twicer@mail.ru',NULL,NULL,NULL,NULL,NULL,NULL,NULL,NULL,NULL,0,NULL,NULL,NULL,1467314612,NULL,NULL,NULL),(97,'77515deba31b7cbe51061ea97787df10@ulogin','$2y$13$FYUcPsYINo1Y47sDHdEi9O8K8ymk5l5K9YLpKyYgD.z7ij0Bf0jdm',NULL,1467349554,1467400793,'tuz.ox@yandex.ru',3,'Оксана Туз',NULL,NULL,NULL,'+7(929)221-46-29',NULL,NULL,NULL,0,NULL,NULL,NULL,1467400793,NULL,NULL,NULL),(98,'8eda60db2f29e21996988ba2d85bf7a4@ulogin','$2y$13$xCARedzXWeGCmku2QAS2IurDvhuLNU5AVM8QdPDHwok1/Cu1WIPJu',NULL,1467371492,1467371576,'Elenko09@yandex.ru',3,'Лена Савельева',NULL,NULL,NULL,'+7(927)741-29-59',NULL,NULL,NULL,0,NULL,NULL,NULL,1467371576,NULL,NULL,NULL),(99,'info@fotobydka.com','$2y$13$.5zHZedsoCd8FwKY2A.WYu72eaxzKAg4KSeiFgrAGr37fIaSt7f1K',NULL,1467394615,1467399624,'info@fotobydka.com',3,'Fotobydka.com','231;232;233','95','2b456b9f1e082a2d076f4c34a930d068.jpg','+7 (800) 234-94-54','418;562;2108;1649;510;899;2158;563;346;1650;511;2035;231;111;347;1794;1617;254;1651;1795;348;349;900;120;336;1937;441;313;901;1845;785;1897;1652;902;1732;2065;644;1870;738;350;2083;442;393;4102;4103;2','Сделайте ваше мероприятие по-настоящему незабываемым! Арендуйте фотобудку, в которой ваши гости смогут делать мгновенные фото!\r\n\r\nПОЧЕМУ МЫ?\r\n\r\n• Брендирование фотобудки под мероприятие\r\n• Неограниченное количество фотографий\r\n• Фотобутофория и реквизит\r\n• До 6 человек в кабинке одновременно\r\n• Синхронизация с Facebook, Twitter\r\n• Зеленый экран-выбор фона\r\n• Запись видео поздравлений\r\n• Выбор фильтров: цветная, черно-белая, сепия\r\n• Размещение Вашего логотипа на фотографиях\r\n• Сублимационная печать: не стирается, не выгорает\r\n• Профессиональная фототехника Canon\r\n• Печать фотографий - 6,8 сек\r\n• Фото 10*15см, 5*15см классические полоски\r\n• Изготовление конвертов, рамок, альбомов\r\n• Услуги дизайнера/декоратора\r\n• Постоянное присутствие оператора\r\n• Монтаж/демонтаж\r\n• Доставка по Москве - бесплатно\r\n• Выезд по всей России',0,1,NULL,NULL,NULL,1467397424,NULL,NULL,NULL),(100,'tashaklukva@mail.ru','$2y$13$nqfymCJxsDjoYILSDZUR8O.2cywpm5E1aKcXk4b3IRYASiYRHYxSS',NULL,1467403282,1467409837,'tashaklukva@mail.ru',2,'Наталья',NULL,NULL,NULL,'+7 (918) 626-65-12',NULL,'',0,1,NULL,'+7 (918) 626-65-12',NULL,1467403294,NULL,NULL,NULL),(101,'Bobriha@mail.ru','$2y$13$p1b4orATsB64MBlEj5uPzuzv/vTjQcBRIZ1A8MQU0OSVkss0VU.Ce',NULL,1467406699,1467409859,'Bobriha@mail.ru',2,'Любовь',NULL,NULL,NULL,'+7 (981) 824-09-19',NULL,'',0,1,NULL,'+7 (981) 824-09-19',NULL,1467406793,NULL,NULL,NULL),(102,'feo_live@mail.ru','$2y$13$PurTFXZEUg24rmCOPcBaV.W6ufYudtlOTW3Q/DrzLVuaTGJVdYH6K',NULL,1467456087,1467468780,'feo_live@mail.ru',3,'Гонтар Татьяна Феофановна','214','108',NULL,'+7 (903) 027-08-28','1396','Парикмахерские услуги в городе Курск. Обращайтесь!',0,1,NULL,NULL,NULL,1467459333,NULL,NULL,NULL),(103,'877972d17d5e59d05fd2fdb7c495651b@ulogin','$2y$13$phbbtpKZadmWFRrZ4SDJ..YeBWqKCg00h.eGA0jrTIEfDti2bRNl.',NULL,1467464268,1467464306,'alemeshh@yandex.ru',3,'Алёна Ченцова',NULL,NULL,NULL,'+7(978)809-99-31',NULL,NULL,NULL,0,NULL,NULL,NULL,1467464306,NULL,NULL,NULL),(104,'mr.aganin@yandex.ru','$2y$13$.VpEiTBEPhDi4MXLPQJXF.fxOxMpENxO7/4UxKu.QZ83bmmFqMB4i',NULL,1467464509,1468569856,'mr.aganin@yandex.ru',3,'Аганин Александр Сергеевич','4;10;20;35;41;48;56;65;129;138','78',NULL,'+7 (921) 492-62-33','160','Профессиональный певец и ведущий, опыт работы - 5 лет',1467417600,1,1467465188,NULL,NULL,1468569856,NULL,NULL,NULL),(105,'mamalena2010@mail.ru','$2y$13$M2rV.tNtE.uTDS7TxhW//e924q5FNhpxQOAdV6ErucHocQ5xT.Xz.',NULL,1467467298,1478631064,'mamalena2010@mail.ru',3,NULL,NULL,NULL,NULL,NULL,NULL,NULL,NULL,0,NULL,NULL,NULL,1478631064,NULL,NULL,NULL),(106,'76513d1e7dfb63f5b87b574582b8d0ea@ulogin','$2y$13$yKXJngOcdqN76XwerQLrreRA7t3IChke1nq85LIFvVWNL3K0pHbwe',NULL,1467473218,1479191954,'buggzy228@gmail.com',3,'Илья Тетерин','','33',NULL,'+7 (903) 082-11-96','','',1479164103,0,1479153303,NULL,'63',1479191954,NULL,NULL,NULL),(107,'4bfab0b309386861df66a6c8c4a6335e@ulogin','$2y$13$iAnE.u86eh67L5mbTbLfyuxJoPYTptaOt7Yy2SaPyUWabr7Xj2sBW',NULL,1467475310,1467475409,'kupkin93@mail.ru',3,'Вася Купкин',NULL,NULL,NULL,'89821420401',NULL,NULL,NULL,0,NULL,NULL,NULL,1467475409,NULL,NULL,NULL),(108,'268531c65179a82af4d831cccc80598f@ulogin','$2y$13$dYcNxywrzo0DRMMBWM/igufe8FkcBbvKDmDc22naySEKyxNjXLD16',NULL,1467475991,1467482223,'dasik_93@mail.ru',2,'Дарья Сорокина',NULL,NULL,NULL,'+7 (963) 775-70-25',NULL,'',0,1,NULL,NULL,NULL,1467476077,NULL,NULL,NULL),(109,'natik201081@mail.ru','$2y$13$vxjdoiAADk61NWsypB0YG.nDQHhU6sC32tLy3GsoteGZWGcMhuhri',NULL,1467479038,1467695954,'natik201081@mail.ru',2,'Наталья',NULL,NULL,NULL,'+7 (963) 118-99-97',NULL,'',0,1,NULL,'+7 (963) 118-99-97',NULL,1467695954,NULL,NULL,NULL),(110,'sanamgn@mail.ru','$2y$13$h2dw7zeVTloppgNe/TAD4.l00sdpkaddZH2gmE6Nh0Eh4EI8YWP1m',NULL,1467481225,1467481292,'sanamgn@mail.ru',3,NULL,NULL,NULL,NULL,NULL,NULL,NULL,NULL,0,NULL,NULL,NULL,1467481292,NULL,NULL,NULL),(111,'darya.neverova.88@mail.ru','$2y$13$sDc6UcTDL/mnV.1q9HCoauIaAGKIcM0p1gKGvM97LdBrTCOrVNrEu',NULL,1467484924,1467485053,'darya.neverova.88@mail.ru',3,NULL,NULL,NULL,NULL,NULL,NULL,NULL,NULL,0,NULL,NULL,NULL,1467485053,NULL,NULL,NULL),(112,'49271417611d6f6aa268b1e0d7b56a31@ulogin','$2y$13$243dS2prhjVI7QJlTTIbXuPIw/PKccjurOhYNWU8THhNiU/7jwKP.',NULL,1467490422,1467492512,'grahevae@mail.ru',3,'Екатерина Грашева','1;2;3;4;5;7;8;9;10;11;12;13;14;15;17;18;19;20;21;22;23;24;25;26;27;28;29;30;31;32;33;34;35;36;37;38;39;40;41;42;43;44;45;46;47;48;49;50;51;52;53;54;55;56;57;58;59;60;61;62;63;64;65;66;67;68;69;70;71','78','879eb4c05c62cb1423644522eb385b58.jpg','+7 (964) 492-57-34','866','',0,1,NULL,NULL,NULL,1467490804,NULL,NULL,NULL),(113,'Nilova1603@yandex.ry','$2y$13$N2PjrdMANWlyJEFPKvPurOPeg7geFtpzot6uRkCgiMLxlv3Txx2Hq',NULL,1467492901,1467493494,'Nilova1603@yandex.ry',2,'Дарья',NULL,NULL,NULL,'+7 (925) 175-13-75',NULL,'',0,1,NULL,'+7 (925) 175-13-75',NULL,NULL,NULL,NULL,NULL),(114,'4989f071151bcacd40ee734822c5cf51@ulogin','$2y$13$6CE.qT4EVJwOb0iGbNNKVOj9dH/JRCfAqbKEn3QrAl1a0mdARsM2i',NULL,1467493094,1467493525,'Asdert05@mail.ru',2,'Даша Нилова',NULL,NULL,NULL,'+7 (892) 517-51-37',NULL,'',0,1,NULL,'+7 (925) 175-13-75',NULL,1467493338,NULL,NULL,NULL),(115,'Oschef@yandex.ru','$2y$13$ntI38HUx6HnKaPZ.EydyTOnXRfDh1R1WFLa1UCO5K4ot.MNvHG3yK',NULL,1467540147,1467541544,'Oschef@yandex.ru',3,NULL,NULL,NULL,NULL,NULL,NULL,NULL,NULL,0,NULL,NULL,NULL,1467541544,NULL,NULL,NULL),(116,'434a5efa0f7c1eed963980bb1f88435d@ulogin','$2y$13$DJlscgrWl7LTGZnrQFiEleZGN2WUwZeRObI23IMeRAxikepbP8IkK',NULL,1467548864,1467548997,'kovalenko892@mail.ru',3,'Наталия Коваленко',NULL,NULL,NULL,'+7(938)524-76-03',NULL,NULL,NULL,0,NULL,NULL,NULL,1467548997,NULL,NULL,NULL),(117,'service_holding@mail.ru','$2y$13$ptY2kbcUzzUWiRIffNsxgOT/omY60I03lHQiuE/wiIQH/c1hTwoXa',NULL,1467562243,1478953246,'service_holding@mail.ru',3,NULL,NULL,NULL,NULL,NULL,NULL,NULL,1478955934,0,1478945134,NULL,NULL,1478953246,NULL,NULL,NULL),(118,'r931rt@mail.ru','$2y$13$49YMyALjbtHybZ93JycyuOYezsf/8qbnzvvGbc5CQDaIsz6se6wDq',NULL,1467655647,1468359959,'r931rt@mail.ru',3,'Bubble Cafe','45;58;85;89;152','36','2a4f0fe21f39c30f3f55be7f525d7c42.jpg','+7 (831) 424-08-88','1545','BUBBLE CAFE - сеть кафе, в которых представлен самый популярный и необычный напиток BUBBLE TEA, здесь представлен широкий ассортимент натуральных фруктовых сиропов и топингов для реализации даже самых смелых вкусовых предпочтений.\r\n\"BUBBLE CAFE\" — это особый стиль жизни для современной продвинутой молодежи, которые всегда желают оставаться на пике моды и в центре интересных событий. Место, где тебе не предлагают готовых решений, а полностью оставляют выбор за тобой, только ты сам решаешь чего ты хочешь сегодня! Место, где каждый может обрести и оставить частичку себя.',0,1,NULL,NULL,NULL,1467656430,NULL,NULL,NULL),(119,'Svetlana-golovleva@mail.ru','$2y$13$MP8HI7mkN1eHub9JtW/4buyNmLYIIbwjTUAyUVBAu5xvez1ehH9LO',NULL,1467689584,1467689757,'Svetlana-golovleva@mail.ru',2,NULL,NULL,NULL,NULL,NULL,NULL,NULL,NULL,0,NULL,NULL,NULL,1467689757,NULL,NULL,NULL),(120,'320943093a6bb44d48b872ef0d284e14@ulogin','$2y$13$ZSTFXTEYStqBvNrDUJvRJu6IlrlTsdpnkp/LjWtUkTsWl4HyqW.3m',NULL,1467755819,1467786979,'mamabelos@rambler.ru',3,'Саксофонист Белослудцев Яков','144','79','2640ebdde9c865451fa1b27016f96d17.jpg','+7 (968) 476-68-62','2236','Белослудцев Яков – талантливый музыкант, в игре которого поистине чувствуется шарм и лоск. Саксофонист-кларнетист премиум-уровня. Высокий профессионализм игры Якова сочетается с тонким чувством стиля, что заставляет звучать музыку очень атмосферно. Молодой исполнитель обладает большим опытом работы (около 8 лет) как на частных мероприятиях (корпоративы, свадьбы, юбилеи), так и во многих премиум-ресторанах, кафе, барах столицы. В данный момент участвует во множестве музыкальных проектов, играя как на саксофоне и кларнете, так и на бас-гитаре.',0,1,NULL,NULL,NULL,1467756302,NULL,NULL,NULL),(121,'0fc71091f727046551faa997565bc534@ulogin','$2y$13$LAwvx6ciDC/5BHv2lLcbhOo5tLUGz3q09uWuVYPQfXoFpDCy/UT7G',NULL,1467756352,1467792839,'saxrelaxproject@gmail.com',3,'Кавер-группа Mr. Fungle','73','79','fd4051ebeaca8e768f02a08f6e9e870c.jpg','+7 (968) 476-68-62','2236','Mr. Fungle - стильный кавер-бэнд со свежим западным звучанием. Участники группы избегают шаблонов и смело интерпретируют мировые хиты в самых неожиданных вариациях, сохраняя при этом узнаваемость и задумку композиций. \r\nГруппа исполняет в своем неповторимом стиле песни самой разной направленности: от Майкла Джексона до 5’nizza, от Radiohead до Фрэнка Синатры, от Jamiroquai до Мумий Тролля.',0,1,NULL,NULL,NULL,1467759325,NULL,NULL,NULL),(122,'b6577c99b8bd243cbdf53992a71f3cdc@ulogin','$2y$13$lfl/xQufQsnYwjDCzAejmePepTNMm1p3xLV4O5F6ojuLpujCOD6fW',NULL,1467814428,1468359989,'djfateev13@yandex.ru',3,'Кафе Диана','1;2;3;4;11;16;25;39;45;47;50;55;56;58;65;74;75;80','36',NULL,'+7 (926) 070-84-03','2236','Отмечайте юбилей в кафе \"Диана\" на Волгоградском проспекте 146.',0,1,NULL,NULL,NULL,1467822651,NULL,NULL,NULL),(123,'alisa.selezneva1993@yandex.ru','$2y$13$X2POQ4NnNLfP1kO3MfnTUe16QmS2NqQEspdJbFsHBOgf9RytRRUeu',NULL,1467820175,1467825156,'alisa.selezneva1993@yandex.ru',3,'Дарья и Алена','35','78','00434bfe4c9870644bfbd43ba4427e3c.jpg','+7 (999) 780-64-94','1486','Организуем свадьбы, юбилеи, дни рождения, детские праздники, корпоративы. Работаем в команде два ведущих.Свое оборудование (профессиональные колонки, микрофоны, музыка).\r\nХаризматичные ведущие в самом расцвете сил и определенно талантливые в своем деле !!! Совокупность опыта и креативного ведения торжества, убойный юмор и чувство такта, симпатия аудитории с первых минут и только ответственное отношение к делу! Гарантируем хорошее настроение в течение всего мероприятия. Учитываем любые пожелания заказчика. \r\nСоставление индивидуальной программы праздника. \r\nТакже мы занимаемся полной организацией свадьбы!\r\nРасценки обговариваются отдельно в зависимости от сложности и продолжительности мероприятия.\r\nБудем рады работать для Вас!',1467763200,1,1467820396,NULL,NULL,1467825156,NULL,NULL,NULL),(124,'viktor55580@mail.ru','$2y$13$ffDlXHR2W3pAzttY8IsnquDnAE1ITN3eWyJxCB.Kk/iyqUhZ8fwxy',NULL,1467827653,1467836545,'viktor55580@mail.ru',3,'Light Bright','37;146;184;221','90','1614a0e5e237176448c925adcde2e9ce.jpg','+7 (905) 255-66-67','2237','Команда профессионалов предоставляет фото и видео услуги. Уже более 9 лет опыта в сфере фото и видеосъемки. Всегда свежий взгляд на свадьбу и неизменно творческий подход к каждой отдельной паре. Ваши воспоминания о свадьбе останутся на долгие годы. \r\nНАШ ДЕВИЗ: МАКСИМАЛЬНОЕ КАЧЕСТВО ЗА УМЕРЕННУЮ ЦЕНУ. ',1467849600,1,NULL,NULL,NULL,1467836545,NULL,NULL,NULL),(125,'kebsh.event@gmail.com','$2y$13$biAeAjZADmOQi2QvGSbTdOchczT6EKwRddxwRp1fvEGqMIYiXTHGW',NULL,1467839798,1479756413,'kebsh.event@gmail.com',3,'Kebsh Event','4;5;6;14;18;20;27;33;35;41;44;45;48;52;54;56;66','29','4985ffe06ea7ee976f59f71c79bb87d1.jpg','+7 (925) 300-86-83','2236;2237;1487','Как сделать так, чтобы самое незабываемое событие Вашей жизни стало ещё более ярким и запоминающимся? Найти самого заводного, самого безбашенного, самого оригинального ведущего. Тем более, что искать уже и не надо, всё уже найдено за Вас. \r\nМото-свадьба? Свадьба в стиле «Звездные войны» или «Гадкий Я»? Свадьба в аквапарке или на катке? А может Вы хотите прыгнуть с парашютом или спуститься со склона на сноуборде? \r\nИли Вы еще не придумали себе тему, но очень хотите? \r\nВозможно абсолютно всё! Ведь она самая крутая, самая огненная, самая волшебная татуированная Фея, которая поможет воплотить в жизнь все Ваши мечты и станет ангелом-хранителем Вашей свадьбы.\r\n',0,1,NULL,NULL,NULL,1479756413,NULL,NULL,NULL),(126,'balashova-anna8@yandex.ru','$2y$13$cZoppQCjiO00HDGFx6YPuuuG4fqCALLCs0XZixU2AAJ7wkYH51zRO',NULL,1467867572,1467867642,'balashova-anna8@yandex.ru',3,NULL,NULL,NULL,NULL,NULL,NULL,NULL,NULL,0,NULL,NULL,NULL,1467867642,NULL,NULL,NULL),(127,'prazdniklara@mail.ru','$2y$13$3WDCgshWAeB3mjL43YcP4.COms5Zt8txRc6LpIby2MYtOeqwjL9ia',NULL,1467871758,1478373599,'prazdniklara@mail.ru',3,'Лариса ','35','78',NULL,'+7 (985) 716-85-28','1486','ВЕДУЩАЯ\r\nДля вас ПРАЗДНИК - ЛЮБОГО формата и масштаба БЕЗ ПОСРЕДНИКОВ!\r\n•	Проведение свадебного торжества\r\n•	Проведение юбилеев, дней рождений, вечеринок, корпоративных праздников, и любых других развлекательных мероприятий\r\n•	Разработка эксклюзивного сценария мероприятия\r\n•	Музыкальное сопровождение на праздник\r\n•	Подбор шоу-программы и артистов\r\n•	Разнообразные, не избитые и смешные конкурсы\r\n•	Специальная программа для каждого праздника\r\n•	Лояльная ценовая политика, индивидуальный подход\r\nДля проведения масштабных праздников, возможно пригласить профессиональных музыкантов и артистов. \r\nОгромный опыт работы, более 15 лет. \r\nВстреча с заказчиком и специальная разработка сценария и музыкальной программы с учётом всех ВАШИХ пожеланий.\r\nЦены обговариваются индивидуально и они адекватны! \r\n',0,1,NULL,NULL,NULL,1478373599,NULL,NULL,NULL),(128,'znazarova77@gmail.com','$2y$13$8f1TVucH09aUVc972cpmmOqZz8DzdLFn.i9sbhnoHYoCzdaCoOWUC',NULL,1467919709,1467919788,'znazarova77@gmail.com',3,NULL,NULL,NULL,NULL,NULL,NULL,NULL,NULL,0,NULL,NULL,NULL,1467919788,NULL,NULL,NULL),(129,'tamadamatveev@gmail.com','$2y$13$JbSEiTQD9bjcU5Dt0ftkF.RCpA7M5ph8Z6iaOYnlec4asrf/POBni',NULL,1468012847,1468013120,'tamadamatveev@gmail.com',3,NULL,NULL,NULL,NULL,NULL,NULL,NULL,NULL,0,NULL,NULL,NULL,1468013120,NULL,NULL,NULL),(130,'obukhovilya@mail.ru','$2y$13$s1B/JCMIU0Vc6gvr0j1GdeMaPH33fgK0JZoMp2XtGoMqyByCKbr8a',NULL,1468258094,1468258321,'obukhovilya@mail.ru',3,NULL,NULL,NULL,NULL,NULL,NULL,NULL,NULL,0,NULL,NULL,NULL,1468258321,NULL,NULL,NULL),(131,'Dacha-na-vode@mail.ru','$2y$13$ToDkdXNhU57rd0rCGZ3YTOb37lLhJosC2GUe4OWsFmRuEMgoGBNL.',NULL,1468357974,1469381039,'Dacha-na-vode@mail.ru',3,'Первое дачное пароходство','4;41;52;56;77;127;146;168;175','99','3c1b5784a049a396649383e7e336acd9.jpg','+7 (969) 123-46-46','1465;4117','Организуем отдых на воде.\r\nК вашим услугам: Дача на воде(пароход) на 10 человек с кухней, спальней, туалетом, местом для загара, грилем.\r\nСкоростная яхта на 10чел с комфортабельной каютой, туалетом, душем и спальней.\r\nБаня на реке с гидромассажной джакузи. Можно нырять прямо в реку. Баня сама плавает по реке Москва.',1470873600,1,NULL,NULL,NULL,1469381039,NULL,NULL,NULL),(132,'7861646@mail.ru','$2y$13$9pTJAgpODHm8g8Ujciwg2.EQLJRKuWi9FWkWvukRsGFMVgD9Vi6zW',NULL,1468579154,1468579304,'7861646@mail.ru',3,NULL,NULL,NULL,NULL,NULL,NULL,NULL,NULL,0,NULL,NULL,NULL,1468579304,NULL,NULL,NULL),(133,'info@plasticpeople.ru','$2y$13$2Th8xWkvTRA4PDh.AIRA0eggXiP2wGdGN0/o8lfqIoZf1N/OpnJ5m',NULL,1469378733,1469378744,'info@plasticpeople.ru',3,NULL,NULL,NULL,NULL,NULL,NULL,NULL,NULL,0,NULL,NULL,NULL,1469378744,NULL,NULL,NULL),(134,'malina.promo.perm@yandex.ru','$2y$13$6/vzfxUDrv2lCu6dEUf3NuYC5nmzkTIJE36Mh5YqMp9lZdnQs4EFO',NULL,1469607647,1479814480,'malina.promo.perm@yandex.ru',3,'Сивашова М.С./Агентство промо-коммуникаций \"МАЛИНА\"','5;6;17;24;29;35;37;40;48;56;64;69;96;99;238;239;242;246','29',NULL,'+7 (342) 259-28-55','1949;402;1306;1545;1758;1890;2129;168;2196','Агентство предоставляет услуги в сфере BTL, занимается организацией событий/праздников/деловых мероприятий.\r\nОсновной офис находится в городе Пермь.\r\nРуководитель проектов Сивашова Марина\r\n',0,1,NULL,NULL,NULL,1479814480,NULL,NULL,NULL),(136,'zokaz@mail.ru','$2y$13$A42O8wqakxHvKquXAg8hD.9NgBfAO4/cK9Dr5OOf8dfRB1Xp.4dqS',NULL,1469892724,1475499192,'zokaz@mail.ru',3,'Пользователь реферальнутый','','76',NULL,'','','',0,0,NULL,NULL,NULL,1475499192,NULL,77,NULL),(137,'zokaz_ref@mail.ru','$2y$13$6ZTPUpIDb/sl5zfMiz2b5unrXZ/5Xa.OFXocxF/NrZ2FU4YQTpQgS',NULL,1469965132,1469965327,'zokaz_ref@mail.ru',NULL,NULL,NULL,NULL,NULL,NULL,NULL,NULL,NULL,0,NULL,NULL,NULL,1469965327,NULL,NULL,NULL),(138,'rere@mail.ru','$2y$13$L4nA3lRPwq9P7/eyNpvVpuh3O3GDh64kpNPfqSNi0nbsBqFPCljM2',NULL,1469965394,1470005187,'rere@mail.ru',4,NULL,NULL,NULL,NULL,NULL,NULL,NULL,NULL,0,NULL,NULL,NULL,1470005187,NULL,NULL,NULL),(139,'Vladochka050893@mail.ru','$2y$13$z0FdGeNtOPjTc9pWCoH.fO5tuZ3FoTYUTJOz08U/ip0kq12wsuShi',NULL,1470768320,1470772579,'Vladochka050893@mail.ru',2,'',NULL,NULL,NULL,'+7 (925) 005-61-31',NULL,'',NULL,0,NULL,NULL,NULL,1470772579,NULL,NULL,NULL),(140,'polml@mail.ru','$2y$13$BQ17YQdbcF6Ndiilag5uZOkuOX8XB.ccp/j7wwpl4zkkYzB31pQdu',NULL,1472201260,1472201765,'polml@mail.ru',3,NULL,NULL,NULL,NULL,NULL,NULL,NULL,NULL,0,NULL,NULL,NULL,1472201765,NULL,NULL,NULL),(141,'shamshutka@gmail.com','$2y$13$LSV18xQU7/OB2UZ6EYp/duDu2g.DwWCBeC9N8MWquxvSlER8zmfM.',NULL,1473249246,1473250313,'shamshutka@gmail.com',3,NULL,NULL,NULL,NULL,NULL,NULL,NULL,NULL,0,NULL,NULL,NULL,1473250313,NULL,NULL,NULL),(142,'b56d9ffe7fb432783bf70a1f846bcf03@ulogin','$2y$13$ET5/WCxBVwIejsOLCMvtHe7QWz4CWFc8nt69uXykK2f8U5p1/XRBa',NULL,1473487237,1473487432,'karabanchik@yandex.ru',2,'Любашка Антонюк',NULL,NULL,NULL,'89853124552',NULL,NULL,NULL,0,NULL,NULL,NULL,1473487432,NULL,NULL,NULL),(143,'95216c652c7786d6e92b49babbee5599@ulogin','$2y$13$yINKAFzLF8sictkw6422Ze2fc/I42hwqpKWTjZsYMUD0LIHBM1s/W',NULL,1473527597,1473527620,'zotac0@yandex.ru',2,'Сергей Братищев',NULL,NULL,NULL,'+7(900)000-00-00',NULL,NULL,NULL,0,NULL,NULL,NULL,1473527620,NULL,NULL,NULL),(144,'a7f03a761728fe435e6ca7fe491eac8a@ulogin','$2y$13$NswKNMqFLLPfmwDwMBh8c.UjitHITKjHq5MI0UD1P05Vlq0SBB50m',NULL,1474198323,1474198340,'ilikeqt@gmail.com',2,'German Tsarev',NULL,NULL,NULL,'+7(917)555-53-13',NULL,NULL,NULL,0,NULL,NULL,NULL,1474198340,NULL,NULL,NULL),(145,'vkrzima@inbox.ru','$2y$13$vKxg3PtZy/p7YXZW7J1SGOCQwZyMjaHImv./nsfmTCIj16EsIFL6i',NULL,1474270211,1474270460,'vkrzima@inbox.ru',3,NULL,NULL,NULL,NULL,NULL,NULL,NULL,NULL,0,NULL,NULL,NULL,1474270460,NULL,NULL,NULL),(146,'o24@mail.ru','$2y$13$fP8XQR0bSVN5SV9DkVDcqO8ISCh4K7mtHqoKLOdqytfDdOi0AhL.u',NULL,1474718404,1474728308,'o24@mail.ru',4,NULL,NULL,NULL,NULL,NULL,NULL,NULL,NULL,0,NULL,NULL,NULL,1474728308,NULL,NULL,NULL),(147,'o25@mail.ru','$2y$13$MhqYt8ikN6eCtvi56VTlKe./GMS828vZ68oduiGnM1xlv9kxOZOiW',NULL,1474718597,1474718603,'o25@mail.ru',3,NULL,NULL,NULL,NULL,NULL,NULL,NULL,NULL,0,NULL,NULL,NULL,1474718603,NULL,146,NULL),(148,'o26@mail.ru','$2y$13$ParPCZ7NdLgN1Y9U/XBHweSfCk7PIuwszBvYqAwuEy2t2TJH7CNYG',NULL,1474718707,1474718710,'o26@mail.ru',3,NULL,NULL,NULL,NULL,NULL,NULL,NULL,NULL,0,NULL,NULL,NULL,1474718710,NULL,146,NULL),(149,'o27@mail.ru','$2y$13$chXQElg3W8.8kqprmIkUUOcxXggcLTzagroJY.9M75N26YqMmiAKK',NULL,1474719050,1474719212,'o27@mail.ru',3,NULL,NULL,NULL,NULL,NULL,NULL,NULL,NULL,0,NULL,NULL,NULL,1474719212,NULL,146,NULL),(150,'opccc@mail.ru','$2y$13$NnZVoM.FS5TNxY8qB299L.N8vuh81YD2Kck0RdRakONR6j9QU03lO',NULL,1475150959,1475151019,'opccc@mail.ru',4,NULL,NULL,NULL,NULL,NULL,NULL,NULL,NULL,0,NULL,NULL,NULL,1475151019,NULL,NULL,NULL),(151,'bmnxdf@mail.ru','$2y$13$snovRanDIYsFsSVCQgY4HeHLouaBPpGeR0WIxqr0IePThBtnbS9bC',NULL,1475151268,1475825008,'bmnxdf@mail.ru',2,'Иванько',NULL,NULL,NULL,'+7 (916) 184-53-31',NULL,NULL,NULL,0,NULL,'+7 (916) 184-53-31',NULL,1475825008,NULL,NULL,NULL),(152,'53e7c4147230a937bca73bf9e780c8f0@ulogin','$2y$13$20.VYZZ3LXxKPyRqeJJs3uptdh2Gmb7TtGlAxRkAsN5eVQRfJlVva',NULL,1475860194,1475860194,'m.singer71.mb@gmail.com',NULL,'Maria Bleykher',NULL,NULL,NULL,'+9725342302',NULL,NULL,NULL,0,NULL,NULL,NULL,NULL,NULL,NULL,NULL),(153,'Maria.bleikher@gmail.com','$2y$13$o4Q3YoPCi2hC./1UkFYQbOlR6XYtc7TBjbn2TdNnP4MPTXskeP25e',NULL,1475860263,1475860363,'Maria.bleikher@gmail.com',2,NULL,NULL,NULL,NULL,NULL,NULL,NULL,NULL,0,NULL,NULL,NULL,1475860363,NULL,NULL,NULL),(154,'Karinabudanova@gmail.com','$2y$13$KX.awuQ/Ro6Q9LmW/RsW6eHdj10CzFPYtTJQk1d2vs6/hBh0v/fR6',NULL,1477494220,1477495479,'Karinabudanova@gmail.com',NULL,NULL,NULL,NULL,NULL,NULL,NULL,NULL,NULL,0,NULL,NULL,NULL,1477495479,NULL,NULL,NULL),(155,'nhj@mail.ru','$2y$13$NkKW/0mUL.XJaLnOS3uEhuGU9t87WNn7hFqJNNLKk4aAqlMnbnd/S',NULL,1477672408,1479394387,'nhj@mail.ru',NULL,NULL,NULL,NULL,NULL,NULL,NULL,NULL,NULL,0,NULL,NULL,NULL,1479394387,NULL,NULL,NULL),(156,'blastertester1@yandex.ru','$2y$13$7tWXtyY9eUO2OkdLOZlY2e3ZY1qreTdX2yJmfq3tJIgEYAYLdf.3S',NULL,1477742328,1486145346,'blastertester1@yandex.ru',2,'Алексей',NULL,NULL,NULL,'+7 (916) 184-53-31',NULL,NULL,NULL,0,NULL,'+7 (916) 184-53-31','',1486145346,NULL,NULL,NULL),(157,'blasterfaster1@yandex.ru','$2y$13$krlBCGliFHaUMeIcslPvKeRPnOjiC5fxunyFMAPmeEHl41tg6/JNy',NULL,1477746885,1486145611,'blasterfaster1@yandex.ru',3,'Мистерия','','29','5f95642fedddc027ad3622d416146ca2.jpg','+7 (345) 345-34-53','','',1486149136,0,1486145536,NULL,'61',1486145611,NULL,NULL,NULL),(158,'xunitex@yandex.ru','$2y$13$8./raJkE9Hi5VHVvff9uSOvB3a5m1dneAf00edgo1EHtnOpBXF9le',NULL,1479384318,1479384339,'xunitex@yandex.ru',2,NULL,NULL,NULL,NULL,NULL,NULL,NULL,NULL,0,NULL,NULL,NULL,1479384339,NULL,NULL,NULL),(159,'blasterfaster2@yandex.ru','$2y$13$U.05MVvf7OyQgwdEUks3JeXcYDqCH5IoSF.vUxjSd8MoBrytoFKVK',NULL,1479397602,1479661177,'blasterfaster2@yandex.ru',3,'Бульбик','2;6','29','ef9068b3f42415e0ab91bbacb5324c78.jpg','+7 (322) 432-43-24','346','',1479747529,0,NULL,NULL,NULL,1479661177,NULL,156,NULL),(160,'kolokol@mail.ru','$2y$13$.Hz/v5F.24bbJ/HiqhtUjOT97hiiD63lWveLS9zK71ECyDwZ0l7ni',NULL,1479558220,1479558377,'kolokol@mail.ru',2,'Илья',NULL,NULL,NULL,'+7 (903) 082-11-96',NULL,NULL,NULL,0,NULL,'+7 (903) 082-11-96',NULL,1479558377,NULL,NULL,NULL),(161,'kolokol2@mail.ru','$2y$13$O1qrl1zdMET4EIyyeazfWOUl4kZ2qzCFUyCqzynxlZzaMOxj4HuSW',NULL,1479558431,1479564422,'kolokol2@mail.ru',3,NULL,NULL,NULL,NULL,NULL,NULL,NULL,NULL,0,NULL,NULL,NULL,1479564422,NULL,NULL,NULL),(162,'kolokol3@mail.ru','$2y$13$xvblejE2At34891hpdnB9eK67I2dmsFP3dc4gjBUVtfHe4cKHmfJW',NULL,1479566003,1479566224,'kolokol3@mail.ru',4,NULL,NULL,NULL,NULL,NULL,NULL,NULL,NULL,0,NULL,NULL,NULL,1479566224,NULL,NULL,NULL),(163,'blastertester3@yandex.ru','$2y$13$aFO9yxnZRwPgxmcl/3uN4e5dyOHtToToHMyJMdgPwz1RDPm/9DSE2',NULL,1479660844,1479660978,'blastertester3@yandex.ru',2,'Иван',NULL,NULL,NULL,'+7 (916) 184-53-31',NULL,'',NULL,0,NULL,'+7 (916) 184-53-31',NULL,1479660978,NULL,156,NULL),(164,'bikeway@yandex.ru','$2y$13$iR8qkXbUZxxZGvy0eUeW9.znT8pVhaoa19L9Q0cJee9jwgjEcMLNS',NULL,1480491271,1480504414,'bikeway@yandex.ru',3,NULL,NULL,NULL,NULL,NULL,NULL,NULL,NULL,0,NULL,NULL,NULL,1480504414,NULL,NULL,NULL),(165,'oskolman@bk.ru','$2y$13$yjK7UcHP69l5Ti/P4aRS5.AahSr.l3XlPn/CYnt.GAo75owEwipRa',NULL,1480517668,1480555579,'oskolman@bk.ru',3,NULL,NULL,NULL,NULL,NULL,NULL,NULL,NULL,0,NULL,NULL,NULL,1480555579,NULL,NULL,NULL),(166,'Ogurchik_94@mail.ru','$2y$13$jQX33MDgj.Tgs0T3fArUhuysQW74wOmN/AYU15lgRcnqogK74q.yu',NULL,1481398406,1481655815,'Ogurchik_94@mail.ru',3,'Ardor ','20;69;148;179','80','4a7fccda7fd0920d5b64431ad53eb571.png','+7 (999) 686-93-74','887','',0,1,NULL,NULL,NULL,1481516258,NULL,NULL,NULL),(167,'21wedding.ok@gmail.com','$2y$13$JjgfG/bpz3dbe4E7rbaSUO22GzMe6orwjVCe5lcKjGCOEgKEVZ36a',NULL,1481655481,1481655696,'21wedding.ok@gmail.com',3,NULL,NULL,NULL,NULL,NULL,NULL,NULL,NULL,0,NULL,NULL,NULL,1481655696,NULL,NULL,NULL),(168,'SCARPIONS@YA.RU','$2y$13$XC49Xp3O6gDRYfQ0ousaMOw5W5XniEaPPIuffMlAd0nPd6NO9Q4Lu',NULL,1483724005,1483724102,'SCARPIONS@YA.RU',4,NULL,NULL,NULL,NULL,NULL,NULL,NULL,NULL,0,NULL,NULL,NULL,1483724102,NULL,NULL,NULL),(169,'6ba90dbb80d34e70125562649d9ba72a@ulogin','$2y$13$RkfnczvLWhH/jkWMehmdAOwo5cQEMP6e111vsV65mYnOaZcIAiX.i',NULL,1485581983,1485581984,'IcEbOx-cApTuRe@mail.ru',NULL,'Andrey Nikonov',NULL,NULL,NULL,'+7(916)184-53-31',NULL,NULL,NULL,0,NULL,NULL,NULL,1485581984,NULL,NULL,NULL),(170,'77ca34dfee723d30e8f89c1cf83a37b9@ulogin','$2y$13$mcly.UZdwPSjZdfmhVMB/eT1tk564kZzvPC73M7rr//0bhJOGHojq',NULL,1485597912,1485598070,'livingstonden1110@gmail.com',3,'Денис Че',NULL,NULL,NULL,'+7(996)971-92-35',NULL,NULL,NULL,0,NULL,NULL,NULL,1485598070,NULL,NULL,NULL),(171,'k12tanya@mail.ru','$2y$13$hFUuKWsBRGWNniVb5rw4DOokxBfeS4x5TVqEGKGV8H6uUT./aufoi',NULL,1485629028,1485629741,'k12tanya@mail.ru',2,NULL,NULL,NULL,NULL,NULL,NULL,NULL,NULL,0,NULL,NULL,NULL,1485629741,NULL,NULL,NULL),(172,'098e0f5e8aad4f6fce16df7e182cf291@ulogin','$2y$13$2qIhSuwxso6JglBK8G50AORV8lANKniCgimLRqdlrzXSW3ljjibZ6',NULL,1485779670,1485780983,'magomedovms@mail.ru',3,'Ммагомед Магомедов',NULL,NULL,NULL,'+7(928)041-25-50',NULL,NULL,NULL,0,NULL,NULL,NULL,1485780983,NULL,NULL,NULL),(173,'bncdasd@mail.ru','$2y$13$C8zLuSMcjqXeKfbGcRj8fOlH1C49qtjhng0nFRJwu4k4wNkL1pD0C',NULL,1485789257,1485790912,'bncdasd@mail.ru',3,NULL,NULL,NULL,NULL,NULL,NULL,NULL,NULL,0,NULL,NULL,NULL,1485790912,NULL,NULL,NULL),(174,'st.gordey98@mail.ru','$2y$13$TqCpijliQL5nH8I6fX5yVOZXjGVssJ2duSmzn.sMr3g7bqMgTfm1a',NULL,1485861299,1485861405,'st.gordey98@mail.ru',2,NULL,NULL,NULL,NULL,NULL,NULL,NULL,NULL,0,NULL,NULL,NULL,1485861405,NULL,NULL,NULL),(175,'e.m@list.ru','$2y$13$P0a27cNEQ/e7C6key4245OCXRAoyRdVZKTLc8b34zbAnqx/qCP.Ha',NULL,1485970837,1485984406,'e.m@list.ru',3,NULL,NULL,NULL,NULL,NULL,NULL,NULL,NULL,0,NULL,NULL,NULL,1485984406,NULL,NULL,NULL),(176,'kurpieva@gmail.com','$2y$13$OOFDvmqefrFbqeiReYfA1.ayfOldhXr7BPuYFA3O/4/NpU./8n39S',NULL,1486470862,1486471491,'kurpieva@gmail.com',3,'Рекламное агентство Штаб-квартира','7;29;44;46;48;53;62;97;99;123;170;181;238;239','29','4408cc4a8d8775d4ca42d52edcf8b6ed.png','+7 (978) 899-59-61','4098','',NULL,0,NULL,NULL,NULL,1486471491,NULL,NULL,NULL);
/*!40000 ALTER TABLE `users` ENABLE KEYS */;
UNLOCK TABLES;
/*!40103 SET TIME_ZONE=@OLD_TIME_ZONE */;

/*!40101 SET SQL_MODE=@OLD_SQL_MODE */;
/*!40014 SET FOREIGN_KEY_CHECKS=@OLD_FOREIGN_KEY_CHECKS */;
/*!40014 SET UNIQUE_CHECKS=@OLD_UNIQUE_CHECKS */;
/*!40101 SET CHARACTER_SET_CLIENT=@OLD_CHARACTER_SET_CLIENT */;
/*!40101 SET CHARACTER_SET_RESULTS=@OLD_CHARACTER_SET_RESULTS */;
/*!40101 SET COLLATION_CONNECTION=@OLD_COLLATION_CONNECTION */;
/*!40111 SET SQL_NOTES=@OLD_SQL_NOTES */;

-- Dump completed on 2017-02-07 13:09:17
